Compound::DB00014	Goserelin	Compound
Compound::DB00035	Desmopressin	Compound
Compound::DB00050	Cetrorelix	Compound
Compound::DB00091	Cyclosporine	Compound
Compound::DB00093	Felypressin	Compound
Compound::DB00104	Octreotide	Compound
Compound::DB00115	Cyanocobalamin	Compound
Compound::DB00116	Tetrahydrofolic acid	Compound
Compound::DB00117	L-Histidine	Compound
Compound::DB00118	S-Adenosylmethionine	Compound
Compound::DB00119	Pyruvic acid	Compound
Compound::DB00120	L-Phenylalanine	Compound
Compound::DB00121	Biotin	Compound
Compound::DB00122	Choline	Compound
Compound::DB00123	L-Lysine	Compound
Compound::DB00125	L-Arginine	Compound
Compound::DB00126	Vitamin C	Compound
Compound::DB00127	Spermine	Compound
Compound::DB00128	L-Aspartic Acid	Compound
Compound::DB00129	L-Ornithine	Compound
Compound::DB00130	L-Glutamine	Compound
Compound::DB00131	Adenosine monophosphate	Compound
Compound::DB00132	Alpha-Linolenic Acid	Compound
Compound::DB00133	L-Serine	Compound
Compound::DB00134	L-Methionine	Compound
Compound::DB00135	L-Tyrosine	Compound
Compound::DB00136	Calcitriol	Compound
Compound::DB00137	Xanthophyll	Compound
Compound::DB00138	L-Cystine	Compound
Compound::DB00139	Succinic acid	Compound
Compound::DB00140	Riboflavin	Compound
Compound::DB00141	N-Acetyl-D-glucosamine	Compound
Compound::DB00143	Glutathione	Compound
Compound::DB00144	Phosphatidylserine	Compound
Compound::DB00145	Glycine	Compound
Compound::DB00146	Calcidiol	Compound
Compound::DB00147	Pyridoxal	Compound
Compound::DB00148	Creatine	Compound
Compound::DB00149	L-Leucine	Compound
Compound::DB00150	L-Tryptophan	Compound
Compound::DB00151	L-Cysteine	Compound
Compound::DB00152	Thiamine	Compound
Compound::DB00153	Ergocalciferol	Compound
Compound::DB00154	Dihomo-gamma-linolenic acid	Compound
Compound::DB00155	L-Citrulline	Compound
Compound::DB00156	L-Threonine	Compound
Compound::DB00158	Folic Acid	Compound
Compound::DB00159	Icosapent	Compound
Compound::DB00160	L-Alanine	Compound
Compound::DB00161	L-Valine	Compound
Compound::DB00162	Vitamin A	Compound
Compound::DB00163	Vitamin E	Compound
Compound::DB00165	Pyridoxine	Compound
Compound::DB00166	Lipoic Acid	Compound
Compound::DB00167	L-Isoleucine	Compound
Compound::DB00168	Aspartame	Compound
Compound::DB00169	Cholecalciferol	Compound
Compound::DB00170	Menadione	Compound
Compound::DB00171	Adenosine triphosphate	Compound
Compound::DB00172	L-Proline	Compound
Compound::DB00173	Adenine	Compound
Compound::DB00174	L-Asparagine	Compound
Compound::DB00175	Pravastatin	Compound
Compound::DB00176	Fluvoxamine	Compound
Compound::DB00177	Valsartan	Compound
Compound::DB00178	Ramipril	Compound
Compound::DB00179	Masoprocol	Compound
Compound::DB00180	Flunisolide	Compound
Compound::DB00181	Baclofen	Compound
Compound::DB00182	Amphetamine	Compound
Compound::DB00183	Pentagastrin	Compound
Compound::DB00184	Nicotine	Compound
Compound::DB00185	Cevimeline	Compound
Compound::DB00186	Lorazepam	Compound
Compound::DB00187	Esmolol	Compound
Compound::DB00188	Bortezomib	Compound
Compound::DB00189	Ethchlorvynol	Compound
Compound::DB00190	Carbidopa	Compound
Compound::DB00191	Phentermine	Compound
Compound::DB00192	Indecainide	Compound
Compound::DB00193	Tramadol	Compound
Compound::DB00194	Vidarabine	Compound
Compound::DB00195	Betaxolol	Compound
Compound::DB00196	Fluconazole	Compound
Compound::DB00198	Oseltamivir	Compound
Compound::DB00199	Erythromycin	Compound
Compound::DB00200	Hydroxocobalamin	Compound
Compound::DB00201	Caffeine	Compound
Compound::DB00202	Succinylcholine	Compound
Compound::DB00203	Sildenafil	Compound
Compound::DB00204	Dofetilide	Compound
Compound::DB00205	Pyrimethamine	Compound
Compound::DB00206	Reserpine	Compound
Compound::DB00207	Azithromycin	Compound
Compound::DB00208	Ticlopidine	Compound
Compound::DB00209	Trospium	Compound
Compound::DB00210	Adapalene	Compound
Compound::DB00211	Midodrine	Compound
Compound::DB00212	Remikiren	Compound
Compound::DB00213	Pantoprazole	Compound
Compound::DB00214	Torasemide	Compound
Compound::DB00215	Citalopram	Compound
Compound::DB00216	Eletriptan	Compound
Compound::DB00217	Bethanidine	Compound
Compound::DB00218	Moxifloxacin	Compound
Compound::DB00219	Oxyphenonium	Compound
Compound::DB00220	Nelfinavir	Compound
Compound::DB00221	Isoetarine	Compound
Compound::DB00222	Glimepiride	Compound
Compound::DB00223	Diflorasone	Compound
Compound::DB00224	Indinavir	Compound
Compound::DB00225	Gadodiamide	Compound
Compound::DB00226	Guanadrel	Compound
Compound::DB00227	Lovastatin	Compound
Compound::DB00228	Enflurane	Compound
Compound::DB00229	Cefotiam	Compound
Compound::DB00230	Pregabalin	Compound
Compound::DB00231	Temazepam	Compound
Compound::DB00232	Methyclothiazide	Compound
Compound::DB00233	Aminosalicylic Acid	Compound
Compound::DB00234	Reboxetine	Compound
Compound::DB00235	Milrinone	Compound
Compound::DB00236	Pipobroman	Compound
Compound::DB00237	Butabarbital	Compound
Compound::DB00238	Nevirapine	Compound
Compound::DB00239	Oxiconazole	Compound
Compound::DB00240	Alclometasone	Compound
Compound::DB00241	Butalbital	Compound
Compound::DB00242	Cladribine	Compound
Compound::DB00243	Ranolazine	Compound
Compound::DB00244	Mesalazine	Compound
Compound::DB00245	Benzatropine	Compound
Compound::DB00246	Ziprasidone	Compound
Compound::DB00247	Methysergide	Compound
Compound::DB00248	Cabergoline	Compound
Compound::DB00249	Idoxuridine	Compound
Compound::DB00250	Dapsone	Compound
Compound::DB00251	Terconazole	Compound
Compound::DB00252	Phenytoin	Compound
Compound::DB00253	Medrysone	Compound
Compound::DB00254	Doxycycline	Compound
Compound::DB00255	Diethylstilbestrol	Compound
Compound::DB00256	Lymecycline	Compound
Compound::DB00257	Clotrimazole	Compound
Compound::DB00258	Calcium Acetate	Compound
Compound::DB00259	Sulfanilamide	Compound
Compound::DB00260	Cycloserine	Compound
Compound::DB00261	Anagrelide	Compound
Compound::DB00262	Carmustine	Compound
Compound::DB00263	Sulfisoxazole	Compound
Compound::DB00264	Metoprolol	Compound
Compound::DB00265	Crotamiton	Compound
Compound::DB00266	Dicoumarol	Compound
Compound::DB00267	Cefmenoxime	Compound
Compound::DB00268	Ropinirole	Compound
Compound::DB00270	Isradipine	Compound
Compound::DB00271	Diatrizoate	Compound
Compound::DB00272	Betazole	Compound
Compound::DB00273	Topiramate	Compound
Compound::DB00274	Cefmetazole	Compound
Compound::DB00275	Olmesartan	Compound
Compound::DB00276	Amsacrine	Compound
Compound::DB00277	Theophylline	Compound
Compound::DB00278	Argatroban	Compound
Compound::DB00279	Liothyronine	Compound
Compound::DB00280	Disopyramide	Compound
Compound::DB00281	Lidocaine	Compound
Compound::DB00282	Pamidronate	Compound
Compound::DB00283	Clemastine	Compound
Compound::DB00284	Acarbose	Compound
Compound::DB00285	Venlafaxine	Compound
Compound::DB00286	Conjugated Estrogens	Compound
Compound::DB00287	Travoprost	Compound
Compound::DB00288	Amcinonide	Compound
Compound::DB00289	Atomoxetine	Compound
Compound::DB00290	Bleomycin	Compound
Compound::DB00291	Chlorambucil	Compound
Compound::DB00292	Etomidate	Compound
Compound::DB00293	Raltitrexed	Compound
Compound::DB00294	Etonogestrel	Compound
Compound::DB00295	Morphine	Compound
Compound::DB00296	Ropivacaine	Compound
Compound::DB00297	Bupivacaine	Compound
Compound::DB00298	Dapiprazole	Compound
Compound::DB00299	Penciclovir	Compound
Compound::DB00300	Tenofovir	Compound
Compound::DB00301	Flucloxacillin	Compound
Compound::DB00302	Tranexamic Acid	Compound
Compound::DB00303	Ertapenem	Compound
Compound::DB00304	Desogestrel	Compound
Compound::DB00305	Mitomycin	Compound
Compound::DB00306	Talbutal	Compound
Compound::DB00307	Bexarotene	Compound
Compound::DB00308	Ibutilide	Compound
Compound::DB00309	Vindesine	Compound
Compound::DB00310	Chlorthalidone	Compound
Compound::DB00312	Pentobarbital	Compound
Compound::DB00313	Valproic Acid	Compound
Compound::DB00314	Capreomycin	Compound
Compound::DB00315	Zolmitriptan	Compound
Compound::DB00316	Acetaminophen	Compound
Compound::DB00317	Gefitinib	Compound
Compound::DB00318	Codeine	Compound
Compound::DB00319	Piperacillin	Compound
Compound::DB00320	Dihydroergotamine	Compound
Compound::DB00321	Amitriptyline	Compound
Compound::DB00322	Floxuridine	Compound
Compound::DB00323	Tolcapone	Compound
Compound::DB00324	Fluorometholone	Compound
Compound::DB00325	Nitroprusside	Compound
Compound::DB00326	Calcium Gluceptate	Compound
Compound::DB00327	Hydromorphone	Compound
Compound::DB00328	Indomethacin	Compound
Compound::DB00330	Ethambutol	Compound
Compound::DB00331	Metformin	Compound
Compound::DB00332	Ipratropium bromide	Compound
Compound::DB00333	Methadone	Compound
Compound::DB00334	Olanzapine	Compound
Compound::DB00335	Atenolol	Compound
Compound::DB00336	Nitrofural	Compound
Compound::DB00337	Pimecrolimus	Compound
Compound::DB00338	Omeprazole	Compound
Compound::DB00339	Pyrazinamide	Compound
Compound::DB00340	Metixene	Compound
Compound::DB00341	Cetirizine	Compound
Compound::DB00343	Diltiazem	Compound
Compound::DB00344	Protriptyline	Compound
Compound::DB00345	Aminohippurate	Compound
Compound::DB00346	Alfuzosin	Compound
Compound::DB00347	Trimethadione	Compound
Compound::DB00348	Nitisinone	Compound
Compound::DB00349	Clobazam	Compound
Compound::DB00350	Minoxidil	Compound
Compound::DB00351	Megestrol acetate	Compound
Compound::DB00352	Tioguanine	Compound
Compound::DB00353	Methylergometrine	Compound
Compound::DB00354	Buclizine	Compound
Compound::DB00355	Aztreonam	Compound
Compound::DB00356	Chlorzoxazone	Compound
Compound::DB00357	Aminoglutethimide	Compound
Compound::DB00358	Mefloquine	Compound
Compound::DB00359	Sulfadiazine	Compound
Compound::DB00360	Tetrahydrobiopterin	Compound
Compound::DB00361	Vinorelbine	Compound
Compound::DB00362	Anidulafungin	Compound
Compound::DB00363	Clozapine	Compound
Compound::DB00364	Sucralfate	Compound
Compound::DB00366	Doxylamine	Compound
Compound::DB00367	Levonorgestrel	Compound
Compound::DB00368	Norepinephrine	Compound
Compound::DB00369	Cidofovir	Compound
Compound::DB00370	Mirtazapine	Compound
Compound::DB00371	Meprobamate	Compound
Compound::DB00373	Timolol	Compound
Compound::DB00374	Treprostinil	Compound
Compound::DB00375	Colestipol	Compound
Compound::DB00376	Trihexyphenidyl	Compound
Compound::DB00377	Palonosetron	Compound
Compound::DB00378	Dydrogesterone	Compound
Compound::DB00379	Mexiletine	Compound
Compound::DB00380	Dexrazoxane	Compound
Compound::DB00381	Amlodipine	Compound
Compound::DB00383	Oxyphencyclimine	Compound
Compound::DB00384	Triamterene	Compound
Compound::DB00385	Valrubicin	Compound
Compound::DB00387	Procyclidine	Compound
Compound::DB00388	Phenylephrine	Compound
Compound::DB00389	Carbimazole	Compound
Compound::DB00390	Digoxin	Compound
Compound::DB00391	Sulpiride	Compound
Compound::DB00392	Ethopropazine	Compound
Compound::DB00393	Nimodipine	Compound
Compound::DB00394	Beclomethasone	Compound
Compound::DB00395	Carisoprodol	Compound
Compound::DB00396	Progesterone	Compound
Compound::DB00397	Phenylpropanolamine	Compound
Compound::DB00398	Sorafenib	Compound
Compound::DB00399	Zoledronate	Compound
Compound::DB00400	Griseofulvin	Compound
Compound::DB00401	Nisoldipine	Compound
Compound::DB00402	Eszopiclone	Compound
Compound::DB00403	Ceruletide	Compound
Compound::DB00404	Alprazolam	Compound
Compound::DB00405	Dexbrompheniramine	Compound
Compound::DB00406	Gentian Violet	Compound
Compound::DB00407	Ardeparin	Compound
Compound::DB00408	Loxapine	Compound
Compound::DB00409	Remoxipride	Compound
Compound::DB00410	Mupirocin	Compound
Compound::DB00411	Carbachol	Compound
Compound::DB00412	Rosiglitazone	Compound
Compound::DB00413	Pramipexole	Compound
Compound::DB00415	Ampicillin	Compound
Compound::DB00417	Penicillin V	Compound
Compound::DB00418	Secobarbital	Compound
Compound::DB00419	Miglustat	Compound
Compound::DB00420	Promazine	Compound
Compound::DB00421	Spironolactone	Compound
Compound::DB00422	Methylphenidate	Compound
Compound::DB00423	Methocarbamol	Compound
Compound::DB00424	Hyoscyamine	Compound
Compound::DB00425	Zolpidem	Compound
Compound::DB00426	Famciclovir	Compound
Compound::DB00427	Triprolidine	Compound
Compound::DB00428	Streptozocin	Compound
Compound::DB00429	Carboprost Tromethamine	Compound
Compound::DB00430	Cefpiramide	Compound
Compound::DB00431	Lindane	Compound
Compound::DB00432	Trifluridine	Compound
Compound::DB00433	Prochlorperazine	Compound
Compound::DB00434	Cyproheptadine	Compound
Compound::DB00435	Nitric Oxide	Compound
Compound::DB00436	Bendroflumethiazide	Compound
Compound::DB00437	Allopurinol	Compound
Compound::DB00438	Ceftazidime	Compound
Compound::DB00440	Trimethoprim	Compound
Compound::DB00441	Gemcitabine	Compound
Compound::DB00442	Entecavir	Compound
Compound::DB00443	Betamethasone	Compound
Compound::DB00444	Teniposide	Compound
Compound::DB00445	Epirubicin	Compound
Compound::DB00446	Chloramphenicol	Compound
Compound::DB00448	Lansoprazole	Compound
Compound::DB00449	Dipivefrin	Compound
Compound::DB00450	Droperidol	Compound
Compound::DB00451	Levothyroxine	Compound
Compound::DB00452	Framycetin	Compound
Compound::DB00453	Clomocycline	Compound
Compound::DB00454	Pethidine	Compound
Compound::DB00455	Loratadine	Compound
Compound::DB00456	Cefalotin	Compound
Compound::DB00457	Prazosin	Compound
Compound::DB00458	Imipramine	Compound
Compound::DB00459	Acitretin	Compound
Compound::DB00460	Verteporfin	Compound
Compound::DB00461	Nabumetone	Compound
Compound::DB00462	Methylscopolamine bromide	Compound
Compound::DB00464	Sodium Tetradecyl Sulfate	Compound
Compound::DB00465	Ketorolac	Compound
Compound::DB00467	Enoxacin	Compound
Compound::DB00468	Quinine	Compound
Compound::DB00469	Tenoxicam	Compound
Compound::DB00470	Dronabinol	Compound
Compound::DB00471	Montelukast	Compound
Compound::DB00472	Fluoxetine	Compound
Compound::DB00473	Hexylcaine	Compound
Compound::DB00474	Methohexital	Compound
Compound::DB00475	Chlordiazepoxide	Compound
Compound::DB00476	Duloxetine	Compound
Compound::DB00477	Chlorpromazine	Compound
Compound::DB00478	Rimantadine	Compound
Compound::DB00479	Amikacin	Compound
Compound::DB00480	Lenalidomide	Compound
Compound::DB00481	Raloxifene	Compound
Compound::DB00482	Celecoxib	Compound
Compound::DB00483	Gallamine Triethiodide	Compound
Compound::DB00484	Brimonidine	Compound
Compound::DB00485	Dicloxacillin	Compound
Compound::DB00486	Nabilone	Compound
Compound::DB00487	Pefloxacin	Compound
Compound::DB00488	Altretamine	Compound
Compound::DB00489	Sotalol	Compound
Compound::DB00490	Buspirone	Compound
Compound::DB00491	Miglitol	Compound
Compound::DB00492	Fosinopril	Compound
Compound::DB00493	Cefotaxime	Compound
Compound::DB00494	Entacapone	Compound
Compound::DB00495	Zidovudine	Compound
Compound::DB00496	Darifenacin	Compound
Compound::DB00497	Oxycodone	Compound
Compound::DB00498	Phenindione	Compound
Compound::DB00499	Flutamide	Compound
Compound::DB00500	Tolmetin	Compound
Compound::DB00501	Cimetidine	Compound
Compound::DB00502	Haloperidol	Compound
Compound::DB00503	Ritonavir	Compound
Compound::DB00504	Levallorphan	Compound
Compound::DB00507	Nitazoxanide	Compound
Compound::DB00508	Triflupromazine	Compound
Compound::DB00509	Dextrothyroxine	Compound
Compound::DB00511	Acetyldigitoxin	Compound
Compound::DB00512	Vancomycin	Compound
Compound::DB00513	Aminocaproic Acid	Compound
Compound::DB00514	Dextromethorphan	Compound
Compound::DB00515	Cisplatin	Compound
Compound::DB00516	Bentoquatam	Compound
Compound::DB00517	Anisotropine Methylbromide	Compound
Compound::DB00518	Albendazole	Compound
Compound::DB00519	Trandolapril	Compound
Compound::DB00520	Caspofungin	Compound
Compound::DB00521	Carteolol	Compound
Compound::DB00523	Alitretinoin	Compound
Compound::DB00524	Metolazone	Compound
Compound::DB00525	Tolnaftate	Compound
Compound::DB00526	Oxaliplatin	Compound
Compound::DB00527	Cinchocaine	Compound
Compound::DB00528	Lercanidipine	Compound
Compound::DB00529	Foscarnet	Compound
Compound::DB00530	Erlotinib	Compound
Compound::DB00531	Cyclophosphamide	Compound
Compound::DB00534	Chlormerodrin	Compound
Compound::DB00535	Cefdinir	Compound
Compound::DB00536	Guanidine	Compound
Compound::DB00537	Ciprofloxacin	Compound
Compound::DB00538	Gadoversetamide	Compound
Compound::DB00539	Toremifene	Compound
Compound::DB00540	Nortriptyline	Compound
Compound::DB00541	Vincristine	Compound
Compound::DB00542	Benazepril	Compound
Compound::DB00543	Amoxapine	Compound
Compound::DB00544	Fluorouracil	Compound
Compound::DB00545	Pyridostigmine	Compound
Compound::DB00546	Adinazolam	Compound
Compound::DB00547	Desoximetasone	Compound
Compound::DB00548	Azelaic Acid	Compound
Compound::DB00549	Zafirlukast	Compound
Compound::DB00550	Propylthiouracil	Compound
Compound::DB00551	Acetohydroxamic Acid	Compound
Compound::DB00552	Pentostatin	Compound
Compound::DB00553	Methoxsalen	Compound
Compound::DB00554	Piroxicam	Compound
Compound::DB00555	Lamotrigine	Compound
Compound::DB00556	Perflutren	Compound
Compound::DB00557	Hydroxyzine	Compound
Compound::DB00558	Zanamivir	Compound
Compound::DB00559	Bosentan	Compound
Compound::DB00560	Tigecycline	Compound
Compound::DB00561	Doxapram	Compound
Compound::DB00562	Benzthiazide	Compound
Compound::DB00563	Methotrexate	Compound
Compound::DB00564	Carbamazepine	Compound
Compound::DB00565	Cisatracurium Besylate	Compound
Compound::DB00566	Succimer	Compound
Compound::DB00567	Cephalexin	Compound
Compound::DB00568	Cinnarizine	Compound
Compound::DB00569	Fondaparinux sodium	Compound
Compound::DB00570	Vinblastine	Compound
Compound::DB00571	Propranolol	Compound
Compound::DB00572	Atropine	Compound
Compound::DB00573	Fenoprofen	Compound
Compound::DB00575	Clonidine	Compound
Compound::DB00576	Sulfamethizole	Compound
Compound::DB00577	Valaciclovir	Compound
Compound::DB00578	Carbenicillin	Compound
Compound::DB00579	Mazindol	Compound
Compound::DB00581	Lactulose	Compound
Compound::DB00582	Voriconazole	Compound
Compound::DB00583	L-Carnitine	Compound
Compound::DB00584	Enalapril	Compound
Compound::DB00585	Nizatidine	Compound
Compound::DB00586	Diclofenac	Compound
Compound::DB00587	Cinalukast	Compound
Compound::DB00588	Fluticasone Propionate	Compound
Compound::DB00589	Lisuride	Compound
Compound::DB00590	Doxazosin	Compound
Compound::DB00591	Fluocinolone Acetonide	Compound
Compound::DB00592	Piperazine	Compound
Compound::DB00593	Ethosuximide	Compound
Compound::DB00594	Amiloride	Compound
Compound::DB00595	Oxytetracycline	Compound
Compound::DB00596	Halobetasol Propionate	Compound
Compound::DB00597	Gadoteridol	Compound
Compound::DB00598	Labetalol	Compound
Compound::DB00599	Thiopental	Compound
Compound::DB00600	Monobenzone	Compound
Compound::DB00601	Linezolid	Compound
Compound::DB00602	Ivermectin	Compound
Compound::DB00603	Medroxyprogesterone Acetate	Compound
Compound::DB00604	Cisapride	Compound
Compound::DB00605	Sulindac	Compound
Compound::DB00606	Cyclothiazide	Compound
Compound::DB00607	Nafcillin	Compound
Compound::DB00608	Chloroquine	Compound
Compound::DB00609	Ethionamide	Compound
Compound::DB00610	Metaraminol	Compound
Compound::DB00611	Butorphanol	Compound
Compound::DB00612	Bisoprolol	Compound
Compound::DB00613	Amodiaquine	Compound
Compound::DB00614	Furazolidone	Compound
Compound::DB00615	Rifabutin	Compound
Compound::DB00616	Candoxatril	Compound
Compound::DB00617	Paramethadione	Compound
Compound::DB00618	Demeclocycline	Compound
Compound::DB00619	Imatinib	Compound
Compound::DB00620	Triamcinolone	Compound
Compound::DB00621	Oxandrolone	Compound
Compound::DB00622	Nicardipine	Compound
Compound::DB00623	Fluphenazine	Compound
Compound::DB00624	Testosterone	Compound
Compound::DB00625	Efavirenz	Compound
Compound::DB00626	Bacitracin	Compound
Compound::DB00627	Niacin	Compound
Compound::DB00628	Clorazepate	Compound
Compound::DB00629	Guanabenz	Compound
Compound::DB00630	Alendronate	Compound
Compound::DB00631	Clofarabine	Compound
Compound::DB00632	Docosanol	Compound
Compound::DB00633	Dexmedetomidine	Compound
Compound::DB00634	Sulfacetamide	Compound
Compound::DB00635	Prednisone	Compound
Compound::DB00636	Clofibrate	Compound
Compound::DB00637	Astemizole	Compound
Compound::DB00638	Inulin	Compound
Compound::DB00639	Butoconazole	Compound
Compound::DB00640	Adenosine	Compound
Compound::DB00641	Simvastatin	Compound
Compound::DB00642	Pemetrexed	Compound
Compound::DB00643	Mebendazole	Compound
Compound::DB00644	Gonadorelin	Compound
Compound::DB00645	Dyclonine	Compound
Compound::DB00646	Nystatin	Compound
Compound::DB00647	Dextropropoxyphene	Compound
Compound::DB00648	Mitotane	Compound
Compound::DB00649	Stavudine	Compound
Compound::DB00650	Leucovorin	Compound
Compound::DB00651	Dyphylline	Compound
Compound::DB00652	Pentazocine	Compound
Compound::DB00653	Magnesium Sulfate	Compound
Compound::DB00654	Latanoprost	Compound
Compound::DB00655	Estrone	Compound
Compound::DB00656	Trazodone	Compound
Compound::DB00657	Mecamylamine	Compound
Compound::DB00658	Sevelamer	Compound
Compound::DB00659	Acamprosate	Compound
Compound::DB00660	Metaxalone	Compound
Compound::DB00661	Verapamil	Compound
Compound::DB00662	Trimethobenzamide	Compound
Compound::DB00663	Flumethasone Pivalate	Compound
Compound::DB00664	Sulfametopyrazine	Compound
Compound::DB00665	Nilutamide	Compound
Compound::DB00666	Nafarelin	Compound
Compound::DB00667	Histamine Phosphate	Compound
Compound::DB00668	Epinephrine	Compound
Compound::DB00669	Sumatriptan	Compound
Compound::DB00670	Pirenzepine	Compound
Compound::DB00671	Cefixime	Compound
Compound::DB00672	Chlorpropamide	Compound
Compound::DB00673	Aprepitant	Compound
Compound::DB00674	Galantamine	Compound
Compound::DB00675	Tamoxifen	Compound
Compound::DB00676	Benzyl Benzoate	Compound
Compound::DB00677	Isoflurophate	Compound
Compound::DB00678	Losartan	Compound
Compound::DB00679	Thioridazine	Compound
Compound::DB00680	Moricizine	Compound
Compound::DB00681	Amphotericin B	Compound
Compound::DB00682	Warfarin	Compound
Compound::DB00683	Midazolam	Compound
Compound::DB00684	Tobramycin	Compound
Compound::DB00685	Trovafloxacin	Compound
Compound::DB00686	Pentosan Polysulfate	Compound
Compound::DB00687	Fludrocortisone	Compound
Compound::DB00688	Mycophenolate mofetil	Compound
Compound::DB00689	Cephaloglycin	Compound
Compound::DB00690	Flurazepam	Compound
Compound::DB00691	Moexipril	Compound
Compound::DB00692	Phentolamine	Compound
Compound::DB00693	Fluorescein	Compound
Compound::DB00694	Daunorubicin	Compound
Compound::DB00695	Furosemide	Compound
Compound::DB00696	Ergotamine	Compound
Compound::DB00697	Tizanidine	Compound
Compound::DB00698	Nitrofurantoin	Compound
Compound::DB00699	Nicergoline	Compound
Compound::DB00700	Eplerenone	Compound
Compound::DB00701	Amprenavir	Compound
Compound::DB00703	Methazolamide	Compound
Compound::DB00704	Naltrexone	Compound
Compound::DB00705	Delavirdine	Compound
Compound::DB00706	Tamsulosin	Compound
Compound::DB00707	Porfimer	Compound
Compound::DB00708	Sufentanil	Compound
Compound::DB00709	Lamivudine	Compound
Compound::DB00710	Ibandronate	Compound
Compound::DB00711	Diethylcarbamazine	Compound
Compound::DB00712	Flurbiprofen	Compound
Compound::DB00713	Oxacillin	Compound
Compound::DB00714	Apomorphine	Compound
Compound::DB00715	Paroxetine	Compound
Compound::DB00716	Nedocromil	Compound
Compound::DB00717	Norethindrone	Compound
Compound::DB00718	Adefovir Dipivoxil	Compound
Compound::DB00719	Azatadine	Compound
Compound::DB00720	Clodronate	Compound
Compound::DB00721	Procaine	Compound
Compound::DB00722	Lisinopril	Compound
Compound::DB00723	Methoxamine	Compound
Compound::DB00724	Imiquimod	Compound
Compound::DB00725	Homatropine Methylbromide	Compound
Compound::DB00726	Trimipramine	Compound
Compound::DB00727	Nitroglycerin	Compound
Compound::DB00728	Rocuronium	Compound
Compound::DB00729	Diphemanil Methylsulfate	Compound
Compound::DB00730	Thiabendazole	Compound
Compound::DB00731	Nateglinide	Compound
Compound::DB00732	Atracurium	Compound
Compound::DB00733	Pralidoxime	Compound
Compound::DB00734	Risperidone	Compound
Compound::DB00735	Naftifine	Compound
Compound::DB00736	Esomeprazole	Compound
Compound::DB00737	Meclizine	Compound
Compound::DB00738	Pentamidine	Compound
Compound::DB00739	Hetacillin	Compound
Compound::DB00740	Riluzole	Compound
Compound::DB00741	Hydrocortisone	Compound
Compound::DB00742	Mannitol	Compound
Compound::DB00743	Gadobenate Dimeglumine	Compound
Compound::DB00744	Zileuton	Compound
Compound::DB00745	Modafinil	Compound
Compound::DB00746	Deferoxamine	Compound
Compound::DB00747	Scopolamine	Compound
Compound::DB00748	Carbinoxamine	Compound
Compound::DB00749	Etodolac	Compound
Compound::DB00750	Prilocaine	Compound
Compound::DB00751	Epinastine	Compound
Compound::DB00752	Tranylcypromine	Compound
Compound::DB00753	Isoflurane	Compound
Compound::DB00754	Ethotoin	Compound
Compound::DB00755	Tretinoin	Compound
Compound::DB00756	Hexachlorophene	Compound
Compound::DB00757	Dolasetron	Compound
Compound::DB00758	Clopidogrel	Compound
Compound::DB00759	Tetracycline	Compound
Compound::DB00760	Meropenem	Compound
Compound::DB00761	Potassium Chloride	Compound
Compound::DB00762	Irinotecan	Compound
Compound::DB00763	Methimazole	Compound
Compound::DB00764	Mometasone	Compound
Compound::DB00765	Metyrosine	Compound
Compound::DB00766	Clavulanate	Compound
Compound::DB00768	Olopatadine	Compound
Compound::DB00769	Hydrocortamate	Compound
Compound::DB00770	Alprostadil	Compound
Compound::DB00771	Clidinium	Compound
Compound::DB00772	Malathion	Compound
Compound::DB00773	Etoposide	Compound
Compound::DB00774	Hydroflumethiazide	Compound
Compound::DB00775	Tirofiban	Compound
Compound::DB00776	Oxcarbazepine	Compound
Compound::DB00777	Propiomazine	Compound
Compound::DB00778	Roxithromycin	Compound
Compound::DB00779	Nalidixic Acid	Compound
Compound::DB00780	Phenelzine	Compound
Compound::DB00781	Polymyxin B Sulfate	Compound
Compound::DB00782	Propantheline	Compound
Compound::DB00783	Estradiol	Compound
Compound::DB00784	Mefenamic acid	Compound
Compound::DB00786	Marimastat	Compound
Compound::DB00787	Aciclovir	Compound
Compound::DB00788	Naproxen	Compound
Compound::DB00789	Gadopentetate dimeglumine	Compound
Compound::DB00790	Perindopril	Compound
Compound::DB00791	Uracil mustard	Compound
Compound::DB00792	Tripelennamine	Compound
Compound::DB00793	Haloprogin	Compound
Compound::DB00794	Primidone	Compound
Compound::DB00795	Sulfasalazine	Compound
Compound::DB00796	Candesartan	Compound
Compound::DB00797	Tolazoline	Compound
Compound::DB00798	Gentamicin	Compound
Compound::DB00799	Tazarotene	Compound
Compound::DB00800	Fenoldopam	Compound
Compound::DB00801	Halazepam	Compound
Compound::DB00802	Alfentanil	Compound
Compound::DB00803	Colistin	Compound
Compound::DB00804	Dicyclomine	Compound
Compound::DB00805	Minaprine	Compound
Compound::DB00806	Pentoxifylline	Compound
Compound::DB00807	Proparacaine	Compound
Compound::DB00808	Indapamide	Compound
Compound::DB00809	Tropicamide	Compound
Compound::DB00810	Biperiden	Compound
Compound::DB00811	Ribavirin	Compound
Compound::DB00812	Phenylbutazone	Compound
Compound::DB00813	Fentanyl	Compound
Compound::DB00814	Meloxicam	Compound
Compound::DB00815	Sodium lauryl sulfate	Compound
Compound::DB00816	Orciprenaline	Compound
Compound::DB00817	Rosoxacin	Compound
Compound::DB00818	Propofol	Compound
Compound::DB00819	Acetazolamide	Compound
Compound::DB00820	Tadalafil	Compound
Compound::DB00821	Carprofen	Compound
Compound::DB00822	Disulfiram	Compound
Compound::DB00823	Ethynodiol	Compound
Compound::DB00824	Enprofylline	Compound
Compound::DB00825	Menthol	Compound
Compound::DB00826	Natamycin	Compound
Compound::DB00827	Cinoxacin	Compound
Compound::DB00828	Fosfomycin	Compound
Compound::DB00829	Diazepam	Compound
Compound::DB00830	Phenmetrazine	Compound
Compound::DB00831	Trifluoperazine	Compound
Compound::DB00832	Phensuximide	Compound
Compound::DB00833	Cefaclor	Compound
Compound::DB00834	Mifepristone	Compound
Compound::DB00835	Brompheniramine	Compound
Compound::DB00836	Loperamide	Compound
Compound::DB00837	Progabide	Compound
Compound::DB00838	Clocortolone	Compound
Compound::DB00839	Tolazamide	Compound
Compound::DB00841	Dobutamine	Compound
Compound::DB00842	Oxazepam	Compound
Compound::DB00843	Donepezil	Compound
Compound::DB00844	Nalbuphine	Compound
Compound::DB00845	Clofazimine	Compound
Compound::DB00846	Flurandrenolide	Compound
Compound::DB00847	Cysteamine	Compound
Compound::DB00849	Methylphenobarbital	Compound
Compound::DB00850	Perphenazine	Compound
Compound::DB00851	Dacarbazine	Compound
Compound::DB00852	Pseudoephedrine	Compound
Compound::DB00853	Temozolomide	Compound
Compound::DB00854	Levorphanol	Compound
Compound::DB00855	Aminolevulinic acid	Compound
Compound::DB00856	Chlorphenesin	Compound
Compound::DB00857	Terbinafine	Compound
Compound::DB00858	Drostanolone	Compound
Compound::DB00859	Penicillamine	Compound
Compound::DB00860	Prednisolone	Compound
Compound::DB00861	Diflunisal	Compound
Compound::DB00862	Vardenafil	Compound
Compound::DB00863	Ranitidine	Compound
Compound::DB00864	Tacrolimus	Compound
Compound::DB00865	Benzphetamine	Compound
Compound::DB00866	Alprenolol	Compound
Compound::DB00867	Ritodrine	Compound
Compound::DB00868	Benzonatate	Compound
Compound::DB00869	Dorzolamide	Compound
Compound::DB00870	Suprofen	Compound
Compound::DB00871	Terbutaline	Compound
Compound::DB00872	Conivaptan	Compound
Compound::DB00873	Loteprednol	Compound
Compound::DB00874	Guaifenesin	Compound
Compound::DB00875	Flupentixol	Compound
Compound::DB00876	Eprosartan	Compound
Compound::DB00877	Sirolimus	Compound
Compound::DB00878	Chlorhexidine	Compound
Compound::DB00879	Emtricitabine	Compound
Compound::DB00880	Chlorothiazide	Compound
Compound::DB00881	Quinapril	Compound
Compound::DB00882	Clomifene	Compound
Compound::DB00883	Isosorbide Dinitrate	Compound
Compound::DB00884	Risedronate	Compound
Compound::DB00885	Pemirolast	Compound
Compound::DB00887	Bumetanide	Compound
Compound::DB00888	Mechlorethamine	Compound
Compound::DB00889	Granisetron	Compound
Compound::DB00890	Dienestrol	Compound
Compound::DB00891	Sulfapyridine	Compound
Compound::DB00892	Oxybuprocaine	Compound
Compound::DB00894	Testolactone	Compound
Compound::DB00895	Benzylpenicilloyl Polylysine	Compound
Compound::DB00896	Rimexolone	Compound
Compound::DB00897	Triazolam	Compound
Compound::DB00898	Ethanol	Compound
Compound::DB00899	Remifentanil	Compound
Compound::DB00900	Didanosine	Compound
Compound::DB00902	Methdilazine	Compound
Compound::DB00903	Ethacrynic acid	Compound
Compound::DB00904	Ondansetron	Compound
Compound::DB00905	Bimatoprost	Compound
Compound::DB00906	Tiagabine	Compound
Compound::DB00907	Cocaine	Compound
Compound::DB00908	Quinidine	Compound
Compound::DB00909	Zonisamide	Compound
Compound::DB00910	Paricalcitol	Compound
Compound::DB00911	Tinidazole	Compound
Compound::DB00912	Repaglinide	Compound
Compound::DB00913	Anileridine	Compound
Compound::DB00914	Phenformin	Compound
Compound::DB00915	Amantadine	Compound
Compound::DB00916	Metronidazole	Compound
Compound::DB00917	Dinoprostone	Compound
Compound::DB00918	Almotriptan	Compound
Compound::DB00919	Spectinomycin	Compound
Compound::DB00920	Ketotifen	Compound
Compound::DB00921	Buprenorphine	Compound
Compound::DB00922	Levosimendan	Compound
Compound::DB00923	Ceforanide	Compound
Compound::DB00924	Cyclobenzaprine	Compound
Compound::DB00925	Phenoxybenzamine	Compound
Compound::DB00927	Famotidine	Compound
Compound::DB00928	Azacitidine	Compound
Compound::DB00929	Misoprostol	Compound
Compound::DB00931	Methacycline	Compound
Compound::DB00932	Tipranavir	Compound
Compound::DB00933	Mesoridazine	Compound
Compound::DB00934	Maprotiline	Compound
Compound::DB00935	Oxymetazoline	Compound
Compound::DB00936	Salicylic acid	Compound
Compound::DB00937	Diethylpropion	Compound
Compound::DB00938	Salmeterol	Compound
Compound::DB00939	Meclofenamic acid	Compound
Compound::DB00940	Methantheline	Compound
Compound::DB00941	Hexafluronium	Compound
Compound::DB00942	Cycrimine	Compound
Compound::DB00943	Zalcitabine	Compound
Compound::DB00944	Demecarium	Compound
Compound::DB00945	Acetylsalicylic acid	Compound
Compound::DB00946	Phenprocoumon	Compound
Compound::DB00947	Fulvestrant	Compound
Compound::DB00948	Mezlocillin	Compound
Compound::DB00949	Felbamate	Compound
Compound::DB00950	Fexofenadine	Compound
Compound::DB00951	Isoniazid	Compound
Compound::DB00952	Naratriptan	Compound
Compound::DB00953	Rizatriptan	Compound
Compound::DB00954	Dirithromycin	Compound
Compound::DB00955	Netilmicin	Compound
Compound::DB00956	Hydrocodone	Compound
Compound::DB00957	Norgestimate	Compound
Compound::DB00958	Carboplatin	Compound
Compound::DB00959	Methylprednisolone	Compound
Compound::DB00960	Pindolol	Compound
Compound::DB00961	Mepivacaine	Compound
Compound::DB00962	Zaleplon	Compound
Compound::DB00963	Bromfenac	Compound
Compound::DB00964	Apraclonidine	Compound
Compound::DB00966	Telmisartan	Compound
Compound::DB00967	Desloratadine	Compound
Compound::DB00968	Methyldopa	Compound
Compound::DB00969	Alosetron	Compound
Compound::DB00970	Dactinomycin	Compound
Compound::DB00971	Selenium Sulfide	Compound
Compound::DB00972	Azelastine	Compound
Compound::DB00973	Ezetimibe	Compound
Compound::DB00974	Edetic Acid	Compound
Compound::DB00975	Dipyridamole	Compound
Compound::DB00976	Telithromycin	Compound
Compound::DB00977	Ethinyl Estradiol	Compound
Compound::DB00978	Lomefloxacin	Compound
Compound::DB00979	Cyclopentolate	Compound
Compound::DB00980	Ramelteon	Compound
Compound::DB00981	Physostigmine	Compound
Compound::DB00982	Isotretinoin	Compound
Compound::DB00983	Formoterol	Compound
Compound::DB00984	Nandrolone phenpropionate	Compound
Compound::DB00985	Dimenhydrinate	Compound
Compound::DB00986	Glycopyrrolate	Compound
Compound::DB00987	Cytarabine	Compound
Compound::DB00988	Dopamine	Compound
Compound::DB00989	Rivastigmine	Compound
Compound::DB00990	Exemestane	Compound
Compound::DB00991	Oxaprozin	Compound
Compound::DB00992	Methyl aminolevulinate	Compound
Compound::DB00993	Azathioprine	Compound
Compound::DB00994	Neomycin	Compound
Compound::DB00995	Auranofin	Compound
Compound::DB00996	Gabapentin	Compound
Compound::DB00997	Doxorubicin	Compound
Compound::DB00998	Frovatriptan	Compound
Compound::DB00999	Hydrochlorothiazide	Compound
Compound::DB01000	Cyclacillin	Compound
Compound::DB01001	Salbutamol	Compound
Compound::DB01002	Levobupivacaine	Compound
Compound::DB01003	Cromoglicic acid	Compound
Compound::DB01004	Ganciclovir	Compound
Compound::DB01005	Hydroxyurea	Compound
Compound::DB01006	Letrozole	Compound
Compound::DB01007	Tioconazole	Compound
Compound::DB01008	Busulfan	Compound
Compound::DB01009	Ketoprofen	Compound
Compound::DB01010	Edrophonium	Compound
Compound::DB01011	Metyrapone	Compound
Compound::DB01012	Cinacalcet	Compound
Compound::DB01013	Clobetasol propionate	Compound
Compound::DB01014	Balsalazide	Compound
Compound::DB01015	Sulfamethoxazole	Compound
Compound::DB01016	Glyburide	Compound
Compound::DB01017	Minocycline	Compound
Compound::DB01018	Guanfacine	Compound
Compound::DB01019	Bethanechol	Compound
Compound::DB01020	Isosorbide Mononitrate	Compound
Compound::DB01021	Trichlormethiazide	Compound
Compound::DB01022	Phylloquinone	Compound
Compound::DB01023	Felodipine	Compound
Compound::DB01024	Mycophenolic acid	Compound
Compound::DB01025	Amlexanox	Compound
Compound::DB01026	Ketoconazole	Compound
Compound::DB01028	Methoxyflurane	Compound
Compound::DB01029	Irbesartan	Compound
Compound::DB01030	Topotecan	Compound
Compound::DB01031	Ethinamate	Compound
Compound::DB01032	Probenecid	Compound
Compound::DB01033	Mercaptopurine	Compound
Compound::DB01034	Cerulenin	Compound
Compound::DB01035	Procainamide	Compound
Compound::DB01036	Tolterodine	Compound
Compound::DB01037	Selegiline	Compound
Compound::DB01039	Fenofibrate	Compound
Compound::DB01040	Hydroxystilbamidine Isethionate	Compound
Compound::DB01041	Thalidomide	Compound
Compound::DB01042	Melphalan	Compound
Compound::DB01043	Memantine	Compound
Compound::DB01044	Gatifloxacin	Compound
Compound::DB01045	Rifampicin	Compound
Compound::DB01046	Lubiprostone	Compound
Compound::DB01047	Fluocinonide	Compound
Compound::DB01048	Abacavir	Compound
Compound::DB01049	Ergoloid mesylate	Compound
Compound::DB01050	Ibuprofen	Compound
Compound::DB01051	Novobiocin	Compound
Compound::DB01053	Benzylpenicillin	Compound
Compound::DB01054	Nitrendipine	Compound
Compound::DB01055	Mimosine	Compound
Compound::DB01056	Tocainide	Compound
Compound::DB01057	Echothiophate	Compound
Compound::DB01058	Praziquantel	Compound
Compound::DB01059	Norfloxacin	Compound
Compound::DB01060	Amoxicillin	Compound
Compound::DB01061	Azlocillin	Compound
Compound::DB01062	Oxybutynin	Compound
Compound::DB01063	Acetophenazine	Compound
Compound::DB01064	Isoprenaline	Compound
Compound::DB01065	Melatonin	Compound
Compound::DB01066	Cefditoren	Compound
Compound::DB01067	Glipizide	Compound
Compound::DB01068	Clonazepam	Compound
Compound::DB01069	Promethazine	Compound
Compound::DB01070	Dihydrotachysterol	Compound
Compound::DB01071	Mequitazine	Compound
Compound::DB01072	Atazanavir	Compound
Compound::DB01073	Fludarabine	Compound
Compound::DB01074	Perhexiline	Compound
Compound::DB01075	Diphenhydramine	Compound
Compound::DB01076	Atorvastatin	Compound
Compound::DB01077	Etidronic acid	Compound
Compound::DB01078	Deslanoside	Compound
Compound::DB01080	Vigabatrin	Compound
Compound::DB01081	Diphenoxylate	Compound
Compound::DB01082	Streptomycin	Compound
Compound::DB01083	Orlistat	Compound
Compound::DB01084	Emedastine	Compound
Compound::DB01085	Pilocarpine	Compound
Compound::DB01086	Benzocaine	Compound
Compound::DB01087	Primaquine	Compound
Compound::DB01088	Iloprost	Compound
Compound::DB01089	Deserpidine	Compound
Compound::DB01090	Pentolinium	Compound
Compound::DB01091	Butenafine	Compound
Compound::DB01092	Ouabain	Compound
Compound::DB01093	Dimethyl sulfoxide	Compound
Compound::DB01094	Hesperetin	Compound
Compound::DB01095	Fluvastatin	Compound
Compound::DB01096	Oxamniquine	Compound
Compound::DB01097	Leflunomide	Compound
Compound::DB01098	Rosuvastatin	Compound
Compound::DB01099	Flucytosine	Compound
Compound::DB01100	Pimozide	Compound
Compound::DB01101	Capecitabine	Compound
Compound::DB01102	Arbutamine	Compound
Compound::DB01103	Quinacrine	Compound
Compound::DB01104	Sertraline	Compound
Compound::DB01105	Sibutramine	Compound
Compound::DB01106	Levocabastine	Compound
Compound::DB01107	Methyprylon	Compound
Compound::DB01108	Trilostane	Compound
Compound::DB01110	Miconazole	Compound
Compound::DB01111	Colistimethate	Compound
Compound::DB01112	Cefuroxime	Compound
Compound::DB01113	Papaverine	Compound
Compound::DB01114	Chlorphenamine	Compound
Compound::DB01115	Nifedipine	Compound
Compound::DB01116	Trimethaphan	Compound
Compound::DB01117	Atovaquone	Compound
Compound::DB01118	Amiodarone	Compound
Compound::DB01119	Diazoxide	Compound
Compound::DB01120	Gliclazide	Compound
Compound::DB01121	Phenacemide	Compound
Compound::DB01122	Ambenonium	Compound
Compound::DB01123	Proflavine	Compound
Compound::DB01124	Tolbutamide	Compound
Compound::DB01125	Anisindione	Compound
Compound::DB01126	Dutasteride	Compound
Compound::DB01127	Econazole	Compound
Compound::DB01128	Bicalutamide	Compound
Compound::DB01129	Rabeprazole	Compound
Compound::DB01130	Prednicarbate	Compound
Compound::DB01131	Proguanil	Compound
Compound::DB01132	Pioglitazone	Compound
Compound::DB01133	Tiludronate	Compound
Compound::DB01135	Doxacurium chloride	Compound
Compound::DB01136	Carvedilol	Compound
Compound::DB01137	Levofloxacin	Compound
Compound::DB01138	Sulfinpyrazone	Compound
Compound::DB01139	Cefapirin	Compound
Compound::DB01140	Cefadroxil	Compound
Compound::DB01141	Micafungin	Compound
Compound::DB01142	Doxepin	Compound
Compound::DB01143	Amifostine	Compound
Compound::DB01144	Diclofenamide	Compound
Compound::DB01145	Sulfoxone	Compound
Compound::DB01146	Diphenylpyraline	Compound
Compound::DB01147	Cloxacillin	Compound
Compound::DB01148	Flavoxate	Compound
Compound::DB01149	Nefazodone	Compound
Compound::DB01150	Cefprozil	Compound
Compound::DB01151	Desipramine	Compound
Compound::DB01153	Sertaconazole	Compound
Compound::DB01154	Thiamylal	Compound
Compound::DB01155	Gemifloxacin	Compound
Compound::DB01156	Bupropion	Compound
Compound::DB01157	Trimetrexate	Compound
Compound::DB01158	Bretylium	Compound
Compound::DB01159	Halothane	Compound
Compound::DB01160	Dinoprost Tromethamine	Compound
Compound::DB01161	Chloroprocaine	Compound
Compound::DB01162	Terazosin	Compound
Compound::DB01164	Calcium Chloride	Compound
Compound::DB01165	Ofloxacin	Compound
Compound::DB01166	Cilostazol	Compound
Compound::DB01167	Itraconazole	Compound
Compound::DB01168	Procarbazine	Compound
Compound::DB01169	Arsenic trioxide	Compound
Compound::DB01170	Guanethidine	Compound
Compound::DB01171	Moclobemide	Compound
Compound::DB01172	Kanamycin	Compound
Compound::DB01173	Orphenadrine	Compound
Compound::DB01174	Phenobarbital	Compound
Compound::DB01175	Escitalopram	Compound
Compound::DB01176	Cyclizine	Compound
Compound::DB01177	Idarubicin	Compound
Compound::DB01178	Chlormezanone	Compound
Compound::DB01179	Podofilox	Compound
Compound::DB01180	Rescinnamine	Compound
Compound::DB01181	Ifosfamide	Compound
Compound::DB01182	Propafenone	Compound
Compound::DB01183	Naloxone	Compound
Compound::DB01184	Domperidone	Compound
Compound::DB01185	Fluoxymesterone	Compound
Compound::DB01186	Pergolide	Compound
Compound::DB01187	Iophendylate	Compound
Compound::DB01188	Ciclopirox	Compound
Compound::DB01189	Desflurane	Compound
Compound::DB01190	Clindamycin	Compound
Compound::DB01191	Dexfenfluramine	Compound
Compound::DB01192	Oxymorphone	Compound
Compound::DB01193	Acebutolol	Compound
Compound::DB01194	Brinzolamide	Compound
Compound::DB01195	Flecainide	Compound
Compound::DB01196	Estramustine	Compound
Compound::DB01197	Captopril	Compound
Compound::DB01198	Zopiclone	Compound
Compound::DB01199	Tubocurarine	Compound
Compound::DB01200	Bromocriptine	Compound
Compound::DB01201	Rifapentine	Compound
Compound::DB01202	Levetiracetam	Compound
Compound::DB01203	Nadolol	Compound
Compound::DB01204	Mitoxantrone	Compound
Compound::DB01205	Flumazenil	Compound
Compound::DB01206	Lomustine	Compound
Compound::DB01207	Ridogrel	Compound
Compound::DB01208	Sparfloxacin	Compound
Compound::DB01209	Dezocine	Compound
Compound::DB01210	Levobunolol	Compound
Compound::DB01211	Clarithromycin	Compound
Compound::DB01212	Ceftriaxone	Compound
Compound::DB01213	Fomepizole	Compound
Compound::DB01214	Metipranolol	Compound
Compound::DB01215	Estazolam	Compound
Compound::DB01216	Finasteride	Compound
Compound::DB01217	Anastrozole	Compound
Compound::DB01218	Halofantrine	Compound
Compound::DB01219	Dantrolene	Compound
Compound::DB01220	Rifaximin	Compound
Compound::DB01221	Ketamine	Compound
Compound::DB01222	Budesonide	Compound
Compound::DB01223	Aminophylline	Compound
Compound::DB01224	Quetiapine	Compound
Compound::DB01225	Enoxaparin	Compound
Compound::DB01226	Mivacurium	Compound
Compound::DB01227	Levomethadyl Acetate	Compound
Compound::DB01228	Encainide	Compound
Compound::DB01229	Paclitaxel	Compound
Compound::DB01231	Diphenidol	Compound
Compound::DB01232	Saquinavir	Compound
Compound::DB01233	Metoclopramide	Compound
Compound::DB01234	Dexamethasone	Compound
Compound::DB01235	L-DOPA	Compound
Compound::DB01236	Sevoflurane	Compound
Compound::DB01237	Bromodiphenhydramine	Compound
Compound::DB01238	Aripiprazole	Compound
Compound::DB01239	Chlorprothixene	Compound
Compound::DB01240	Epoprostenol	Compound
Compound::DB01241	Gemfibrozil	Compound
Compound::DB01242	Clomipramine	Compound
Compound::DB01243	Chloroxine	Compound
Compound::DB01244	Bepridil	Compound
Compound::DB01245	Decamethonium	Compound
Compound::DB01246	Alimemazine	Compound
Compound::DB01247	Isocarboxazid	Compound
Compound::DB01248	Docetaxel	Compound
Compound::DB01249	Iodixanol	Compound
Compound::DB01250	Olsalazine	Compound
Compound::DB01251	Gliquidone	Compound
Compound::DB01252	Mitiglinide	Compound
Compound::DB01253	Ergonovine	Compound
Compound::DB01254	Dasatinib	Compound
Compound::DB01255	Lisdexamfetamine	Compound
Compound::DB01256	Retapamulin	Compound
Compound::DB01259	Lapatinib	Compound
Compound::DB01260	Desonide	Compound
Compound::DB01261	Sitagliptin	Compound
Compound::DB01262	Decitabine	Compound
Compound::DB01263	Posaconazole	Compound
Compound::DB01264	Darunavir	Compound
Compound::DB01265	Telbivudine	Compound
Compound::DB01267	Paliperidone	Compound
Compound::DB01268	Sunitinib	Compound
Compound::DB01273	Varenicline	Compound
Compound::DB01274	Arformoterol	Compound
Compound::DB01275	Hydralazine	Compound
Compound::DB01280	Nelarabine	Compound
Compound::DB01282	Carbetocin	Compound
Compound::DB01283	Lumiracoxib	Compound
Compound::DB01288	Fenoterol	Compound
Compound::DB01289	Glisoxepide	Compound
Compound::DB01291	Pirbuterol	Compound
Compound::DB01294	Bismuth Subsalicylate	Compound
Compound::DB01295	Bevantolol	Compound
Compound::DB01296	Glucosamine	Compound
Compound::DB01297	Practolol	Compound
Compound::DB01298	Sulfacytine	Compound
Compound::DB01299	Sulfadoxine	Compound
Compound::DB01301	Rolitetracycline	Compound
Compound::DB01303	Oxtriphylline	Compound
Compound::DB01319	Fosamprenavir	Compound
Compound::DB01320	Fosphenytoin	Compound
Compound::DB01321	Josamycin	Compound
Compound::DB01324	Polythiazide	Compound
Compound::DB01325	Quinethazone	Compound
Compound::DB01326	Cefamandole	Compound
Compound::DB01327	Cefazolin	Compound
Compound::DB01328	Cefonicid	Compound
Compound::DB01329	Cefoperazone	Compound
Compound::DB01330	Cefotetan	Compound
Compound::DB01331	Cefoxitin	Compound
Compound::DB01332	Ceftizoxime	Compound
Compound::DB01333	Cefradine	Compound
Compound::DB01336	Metocurine	Compound
Compound::DB01337	Pancuronium	Compound
Compound::DB01338	Pipecuronium	Compound
Compound::DB01339	Vecuronium	Compound
Compound::DB01340	Cilazapril	Compound
Compound::DB01342	Forasartan	Compound
Compound::DB01346	Quinidine barbiturate	Compound
Compound::DB01347	Saprisartan	Compound
Compound::DB01348	Spirapril	Compound
Compound::DB01349	Tasosartan	Compound
Compound::DB01351	Amobarbital	Compound
Compound::DB01352	Aprobarbital	Compound
Compound::DB01353	Butethal	Compound
Compound::DB01354	Heptabarbital	Compound
Compound::DB01355	Hexobarbital	Compound
Compound::DB01356	Lithium	Compound
Compound::DB01357	Mestranol	Compound
Compound::DB01359	Penbutolol	Compound
Compound::DB01361	Troleandomycin	Compound
Compound::DB01362	Iohexol	Compound
Compound::DB01364	Ephedrine	Compound
Compound::DB01365	Mephentermine	Compound
Compound::DB01366	Procaterol	Compound
Compound::DB01367	Rasagiline	Compound
Compound::DB01369	Quinupristin	Compound
Compound::DB01370	Aluminium	Compound
Compound::DB01375	Dihydroxyaluminium	Compound
Compound::DB01377	Magnesium oxide	Compound
Compound::DB01380	Cortisone acetate	Compound
Compound::DB01382	Glycodiazine	Compound
Compound::DB01384	Paramethasone	Compound
Compound::DB01390	Sodium bicarbonate	Compound
Compound::DB01392	Yohimbine	Compound
Compound::DB01393	Bezafibrate	Compound
Compound::DB01394	Colchicine	Compound
Compound::DB01395	Drospirenone	Compound
Compound::DB01396	Digitoxin	Compound
Compound::DB01397	Magnesium salicylate	Compound
Compound::DB01398	Salicylate-sodium	Compound
Compound::DB01399	Salsalate	Compound
Compound::DB01400	Neostigmine	Compound
Compound::DB01401	Trisalicylate-choline	Compound
Compound::DB01403	Methotrimeprazine	Compound
Compound::DB01406	Danazol	Compound
Compound::DB01407	Clenbuterol	Compound
Compound::DB01408	Bambuterol	Compound
Compound::DB01409	Tiotropium	Compound
Compound::DB01410	Ciclesonide	Compound
Compound::DB01411	Pranlukast	Compound
Compound::DB01412	Theobromine	Compound
Compound::DB01413	Cefepime	Compound
Compound::DB01414	Cefacetrile	Compound
Compound::DB01415	Ceftibuten	Compound
Compound::DB01416	Cefpodoxime	Compound
Compound::DB01418	Acenocoumarol	Compound
Compound::DB01419	Antrafenine	Compound
Compound::DB01420	Testosterone Propionate	Compound
Compound::DB01421	Paromomycin	Compound
Compound::DB01422	Nitroxoline	Compound
Compound::DB01423	Stepronin	Compound
Compound::DB01424	Aminophenazone	Compound
Compound::DB01425	Alizapride	Compound
Compound::DB01426	Ajmaline	Compound
Compound::DB01427	Amrinone	Compound
Compound::DB01428	Oxybenzone	Compound
Compound::DB01429	Aprindine	Compound
Compound::DB01430	Almitrine	Compound
Compound::DB01431	Allylestrenol	Compound
Compound::DB01433	Methadyl Acetate	Compound
Compound::DB01435	Antipyrine	Compound
Compound::DB01436	Alfacalcidol	Compound
Compound::DB01437	Glutethimide	Compound
Compound::DB01438	Phenazopyridine	Compound
Compound::DB01440	Gamma Hydroxybutyric Acid	Compound
Compound::DB01452	Heroin	Compound
Compound::DB01463	Fencamfamine	Compound
Compound::DB01466	Ethylmorphine	Compound
Compound::DB01482	Fenethylline	Compound
Compound::DB01489	Camazepam	Compound
Compound::DB01501	Difenoxin	Compound
Compound::DB01511	Delorazepam	Compound
Compound::DB01544	Flunitrazepam	Compound
Compound::DB01545	Ethyl loflazepate	Compound
Compound::DB01550	Fenproporex	Compound
Compound::DB01551	Dihydrocodeine	Compound
Compound::DB01553	Cloxazolam	Compound
Compound::DB01558	Bromazepam	Compound
Compound::DB01559	Clotiazepam	Compound
Compound::DB01567	Fludiazepam	Compound
Compound::DB01576	Dextroamphetamine	Compound
Compound::DB01577	Methamphetamine	Compound
Compound::DB01578	Metrizamide	Compound
Compound::DB01579	Phendimetrazine	Compound
Compound::DB01580	Oxprenolol	Compound
Compound::DB01581	Sulfamerazine	Compound
Compound::DB01582	Sulfamethazine	Compound
Compound::DB01583	Liotrix	Compound
Compound::DB01586	Ursodeoxycholic acid	Compound
Compound::DB01587	Ketazolam	Compound
Compound::DB01588	Prazepam	Compound
Compound::DB01589	Quazepam	Compound
Compound::DB01590	Everolimus	Compound
Compound::DB01591	Solifenacin	Compound
Compound::DB01592	Iron	Compound
Compound::DB01593	Zinc	Compound
Compound::DB01594	Cinolazepam	Compound
Compound::DB01595	Nitrazepam	Compound
Compound::DB01597	Cilastatin	Compound
Compound::DB01598	Imipenem	Compound
Compound::DB01599	Probucol	Compound
Compound::DB01600	Tiaprofenic acid	Compound
Compound::DB01601	Lopinavir	Compound
Compound::DB01602	Bacampicillin	Compound
Compound::DB01603	Meticillin	Compound
Compound::DB01604	Pivampicillin	Compound
Compound::DB01605	Pivmecillinam	Compound
Compound::DB01606	Tazobactam	Compound
Compound::DB01607	Ticarcillin	Compound
Compound::DB01608	Propericiazine	Compound
Compound::DB01609	Deferasirox	Compound
Compound::DB01610	Valganciclovir	Compound
Compound::DB01611	Hydroxychloroquine	Compound
Compound::DB01612	Amyl Nitrite	Compound
Compound::DB01613	Erythrityl Tetranitrate	Compound
Compound::DB01614	Acepromazine	Compound
Compound::DB01615	Aceprometazine	Compound
Compound::DB01616	Alverine	Compound
Compound::DB01618	Molindone	Compound
Compound::DB01619	Phenindamine	Compound
Compound::DB01620	Pheniramine	Compound
Compound::DB01621	Pipotiazine	Compound
Compound::DB01622	Thioproperazine	Compound
Compound::DB01623	Thiothixene	Compound
Compound::DB01624	Zuclopenthixol	Compound
Compound::DB01625	Isopropamide	Compound
Compound::DB01626	Pargyline	Compound
Compound::DB01627	Lincomycin	Compound
Compound::DB01628	Etoricoxib	Compound
Compound::DB01656	Roflumilast	Compound
Compound::DB01764	Dalfopristin	Compound
Compound::DB02187	Equilin	Compound
Compound::DB02300	Calcipotriol	Compound
Compound::DB02546	Vorinostat	Compound
Compound::DB02638	Terlipressin	Compound
Compound::DB02703	Fusidic Acid	Compound
Compound::DB02959	Oxitriptan	Compound
Compound::DB03147	Flavin adenine dinucleotide	Compound
Compound::DB03166	Acetic acid	Compound
Compound::DB03255	Phenol	Compound
Compound::DB04552	Niflumic Acid	Compound
Compound::DB04570	Latamoxef	Compound
Compound::DB04571	Trioxsalen	Compound
Compound::DB04572	Thiotepa	Compound
Compound::DB04573	Estriol	Compound
Compound::DB04574	Estropipate	Compound
Compound::DB04575	Quinestrol	Compound
Compound::DB04711	Iodipamide	Compound
Compound::DB04786	Suramin	Compound
Compound::DB04794	Bifonazole	Compound
Compound::DB04835	Maraviroc	Compound
Compound::DB04837	Clofedanol	Compound
Compound::DB04838	Cyclandelate	Compound
Compound::DB04839	Cyproterone acetate	Compound
Compound::DB04840	Debrisoquin	Compound
Compound::DB04841	Flunarizine	Compound
Compound::DB04842	Fluspirilene	Compound
Compound::DB04843	Mepenzolate	Compound
Compound::DB04844	Tetrabenazine	Compound
Compound::DB04845	Ixabepilone	Compound
Compound::DB04855	Dronedarone	Compound
Compound::DB04861	Nebivolol	Compound
Compound::DB04865	Homoharringtonine	Compound
Compound::DB04868	Nilotinib	Compound
Compound::DB04876	Vildagliptin	Compound
Compound::DB04877	Voacamine	Compound
Compound::DB04878	Voglibose	Compound
Compound::DB04880	Enoximone	Compound
Compound::DB04890	Bepotastine	Compound
Compound::DB04894	Vapreotide	Compound
Compound::DB04896	Milnacipran	Compound
Compound::DB04898	Ximelagatran	Compound
Compound::DB04911	Oritavancin	Compound
Compound::DB04920	Clevidipine	Compound
Compound::DB04930	Permethrin	Compound
Compound::DB04938	Ospemifene	Compound
Compound::DB04942	Tamibarotene	Compound
Compound::DB04946	Iloperidone	Compound
Compound::DB04948	Lofexidine	Compound
Compound::DB04953	Ezogabine	Compound
Compound::DB04967	Lucanthone	Compound
Compound::DB05013	Ingenol Mebutate	Compound
Compound::DB05039	Indacaterol	Compound
Compound::DB05109	Trabectedin	Compound
Compound::DB05245	Silver sulfadiazine	Compound
Compound::DB05246	Methsuximide	Compound
Compound::DB05260	Gallium nitrate	Compound
Compound::DB05265	Ecabet	Compound
Compound::DB05266	Ibudilast	Compound
Compound::DB05271	Rotigotine	Compound
Compound::DB05294	Vandetanib	Compound
Compound::DB05389	WF10	Compound
Compound::DB05521	Telaprevir	Compound
Compound::DB05630	Sodium stibogluconate	Compound
Compound::DB05812	Abiraterone	Compound
Compound::DB06144	Sertindole	Compound
Compound::DB06147	Sulfathiazole	Compound
Compound::DB06148	Mianserin	Compound
Compound::DB06150	Sulfadimethoxine	Compound
Compound::DB06151	Acetylcysteine	Compound
Compound::DB06155	Rimonabant	Compound
Compound::DB06196	Icatibant	Compound
Compound::DB06201	Rufinamide	Compound
Compound::DB06203	Alogliptin	Compound
Compound::DB06204	Tapentadol	Compound
Compound::DB06207	Silodosin	Compound
Compound::DB06209	Prasugrel	Compound
Compound::DB06210	Eltrombopag	Compound
Compound::DB06212	Tolvaptan	Compound
Compound::DB06213	Regadenoson	Compound
Compound::DB06216	Asenapine	Compound
Compound::DB06218	Lacosamide	Compound
Compound::DB06228	Rivaroxaban	Compound
Compound::DB06237	Avanafil	Compound
Compound::DB06255	Incadronate	Compound
Compound::DB06262	Droxidopa	Compound
Compound::DB06267	Udenafil	Compound
Compound::DB06268	Sitaxentan	Compound
Compound::DB06274	Alvimopan	Compound
Compound::DB06287	Temsirolimus	Compound
Compound::DB06288	Amisulpride	Compound
Compound::DB06290	SIMEPREVIR	Compound
Compound::DB06292	Dapagliflozin	Compound
Compound::DB06335	Saxagliptin	Compound
Compound::DB06402	Telavancin	Compound
Compound::DB06414	Etravirine	Compound
Compound::DB06439	Tyloxapol	Compound
Compound::DB06589	Pazopanib	Compound
Compound::DB06590	Ceftaroline fosamil	Compound
Compound::DB06594	Agomelatine	Compound
Compound::DB06605	Apixaban	Compound
Compound::DB06614	Peramivir	Compound
Compound::DB06616	Bosutinib	Compound
Compound::DB06623	Flupirtine	Compound
Compound::DB06637	Dalfampridine	Compound
Compound::DB06663	Pasireotide	Compound
Compound::DB06684	Vilazodone	Compound
Compound::DB06689	Ethanolamine Oleate	Compound
Compound::DB06691	Mepyramine	Compound
Compound::DB06694	Xylometazoline	Compound
Compound::DB06695	Dabigatran etexilate	Compound
Compound::DB06696	Arbekacin	Compound
Compound::DB06697	Artemether	Compound
Compound::DB06698	Betahistine	Compound
Compound::DB06699	Degarelix	Compound
Compound::DB06700	Desvenlafaxine	Compound
Compound::DB06701	Dexmethylphenidate	Compound
Compound::DB06702	Fesoterodine	Compound
Compound::DB06703	Gadobutrol	Compound
Compound::DB06704	Iobenguane	Compound
Compound::DB06705	Gadofosveset trisodium	Compound
Compound::DB06706	Isometheptene	Compound
Compound::DB06707	Levonordefrin	Compound
Compound::DB06708	Lumefantrine	Compound
Compound::DB06709	Methacholine	Compound
Compound::DB06710	Methyltestosterone	Compound
Compound::DB06711	Naphazoline	Compound
Compound::DB06712	Nilvadipine	Compound
Compound::DB06713	Norelgestromin	Compound
Compound::DB06714	Propylhexedrine	Compound
Compound::DB06715	Potassium Iodide	Compound
Compound::DB06716	Fospropofol	Compound
Compound::DB06717	Fosaprepitant	Compound
Compound::DB06718	Stanozolol	Compound
Compound::DB06723	Aluminum hydroxide	Compound
Compound::DB06725	Lornoxicam	Compound
Compound::DB06729	Sulfaphenazole	Compound
Compound::DB06730	Gestodene	Compound
Compound::DB06738	Ketobemidone	Compound
Compound::DB06751	Drotaverine	Compound
Compound::DB06766	Alcaftadine	Compound
Compound::DB06768	Ammonium lactate	Compound
Compound::DB06770	Benzyl alcohol	Compound
Compound::DB06771	Besifloxacin	Compound
Compound::DB06772	Cabazitaxel	Compound
Compound::DB06775	Carglumic Acid	Compound
Compound::DB06777	Chenodeoxycholic acid	Compound
Compound::DB06781	Difluprednate	Compound
Compound::DB06782	Dimercaprol	Compound
Compound::DB06795	Mafenide	Compound
Compound::DB06800	Methylnaltrexone	Compound
Compound::DB06802	Nepafenac	Compound
Compound::DB06803	Niclosamide	Compound
Compound::DB06804	Nonoxynol-9	Compound
Compound::DB06809	Plerixafor	Compound
Compound::DB06810	Plicamycin	Compound
Compound::DB06811	Polidocanol	Compound
Compound::DB06813	Pralatrexate	Compound
Compound::DB06817	Raltegravir	Compound
Compound::DB06827	Viomycin	Compound
Compound::DB07402	Azapropazone	Compound
Compound::DB08604	Triclosan	Compound
Compound::DB08792	Diloxanide	Compound
Compound::DB08795	Azidocillin	Compound
Compound::DB08796	Pipazethate	Compound
Compound::DB08797	Salicylamide	Compound
Compound::DB08798	Sulfamoxole	Compound
Compound::DB08799	Antazoline	Compound
Compound::DB08800	Chloropyramine	Compound
Compound::DB08801	Dimetindene	Compound
Compound::DB08802	Isothipendyl	Compound
Compound::DB08803	Tymazoline	Compound
Compound::DB08804	Nandrolone decanoate	Compound
Compound::DB08806	Roxatidine acetate	Compound
Compound::DB08807	Bopindolol	Compound
Compound::DB08808	Bupranolol	Compound
Compound::DB08810	Cinitapride	Compound
Compound::DB08811	Tofisopam	Compound
Compound::DB08815	Lurasidone	Compound
Compound::DB08816	Ticagrelor	Compound
Compound::DB08819	Tafluprost	Compound
Compound::DB08820	Ivacaftor	Compound
Compound::DB08822	Azilsartan medoxomil	Compound
Compound::DB08823	Spinosad	Compound
Compound::DB08824	Ioflupane I 123	Compound
Compound::DB08826	Deferiprone	Compound
Compound::DB08827	Lomitapide	Compound
Compound::DB08828	Vismodegib	Compound
Compound::DB08834	Tauroursodeoxycholic acid	Compound
Compound::DB08835	Spaglumic Acid	Compound
Compound::DB08842	Acetylcarnitine	Compound
Compound::DB08847	Hydroxyproline	Compound
Compound::DB08860	Pitavastatin	Compound
Compound::DB08864	Rilpivirine	Compound
Compound::DB08865	Crizotinib	Compound
Compound::DB08866	Estradiol valerate/Dienogest	Compound
Compound::DB08868	Fingolimod	Compound
Compound::DB08871	Eribulin	Compound
Compound::DB08873	Boceprevir	Compound
Compound::DB08874	Fidaxomicin	Compound
Compound::DB08877	Ruxolitinib	Compound
Compound::DB08881	Vemurafenib	Compound
Compound::DB08882	Linagliptin	Compound
Compound::DB08884	Gadoxetate	Compound
Compound::DB08887	Icosapent ethyl	Compound
Compound::DB08889	Carfilzomib	Compound
Compound::DB08890	Linaclotide	Compound
Compound::DB08893	Mirabegron	Compound
Compound::DB08896	Regorafenib	Compound
Compound::DB08897	Aclidinium	Compound
Compound::DB08899	Enzalutamide	Compound
Compound::DB08901	Ponatinib	Compound
Compound::DB08903	Bedaquiline	Compound
Compound::DB08905	Formestane	Compound
Compound::DB08906	Fluticasone furoate	Compound
Compound::DB08907	Canagliflozin	Compound
Compound::DB08909	Glycerol Phenylbutyrate	Compound
Compound::DB08910	Pomalidomide	Compound
Compound::DB08911	Trametinib	Compound
Compound::DB08912	Dabrafenib	Compound
Compound::DB08913	Radium Ra 223 Dichloride	Compound
Compound::DB08916	Afatinib	Compound
Compound::DB08918	Levomilnacipran	Compound
Compound::DB08924	Amfecloral	Compound
Compound::DB08928	Arsthinol	Compound
Compound::DB08930	Dolutegravir	Compound
Compound::DB08932	MACITENTAN	Compound
Compound::DB08933	LULICONAZOLE	Compound
Compound::DB08934	Sofosbuvir	Compound
Compound::DB08936	Chlorcyclizine	Compound
Compound::DB08941	Isoxsuprine	Compound
Compound::DB08943	Isoconazole	Compound
Compound::DB08944	Isoaminile	Compound
Compound::DB08946	Iopanoic acid	Compound
Compound::DB08947	Iopamidol	Compound
Compound::DB08954	Ifenprodil	Compound
Compound::DB08957	Hexoprenaline	Compound
Compound::DB08958	Hexetidine	Compound
Compound::DB08965	Fusafungine	Compound
Compound::DB08966	Fursultiamine	Compound
Compound::DB08967	Dimetotiazine	Compound
Compound::DB08968	Fominoben	Compound
Compound::DB08970	Fluprednidene Acetate	Compound
Compound::DB08971	Fluocortolone	Compound
Compound::DB08974	Flubendazole	Compound
Compound::DB08976	Floctafenine	Compound
Compound::DB08979	Fenspiride	Compound
Compound::DB08981	Fenbufen	Compound
Compound::DB08982	Etozoline	Compound
Compound::DB08983	Etofibrate	Compound
Compound::DB08984	Etofenamate	Compound
Compound::DB08987	Etidocaine	Compound
Compound::DB08990	Eprazinone	Compound
Compound::DB08991	Epirizole	Compound
Compound::DB08992	Eperisone	Compound
Compound::DB08993	Enviomycin	Compound
Compound::DB08994	Ditazole	Compound
Compound::DB08995	Diosmin	Compound
Compound::DB08996	Dimetacrine	Compound
Compound::DB08998	Demexiptiline	Compound
Compound::DB09000	Cyamemazine	Compound
Compound::DB09002	Cloperastine	Compound
Compound::DB09003	Clocapramine	Compound
Compound::DB09006	Clinofibrate	Compound
Compound::DB09008	Cephaloridine	Compound
Compound::DB09009	Articaine	Compound
Compound::DB09014	Captodiame	Compound
Compound::DB09015	Potassium Canrenoate	Compound
Compound::DB09017	Brotizolam	Compound
Compound::DB09018	Bromopride	Compound
Compound::DB09019	Bromhexine	Compound
Compound::DB09020	Bisacodyl	Compound
Compound::DB09028	Cytisine	Compound
