Pharmacologic Class::N0000175732	PCiC	Compound::DB00728
Pharmacologic Class::N0000185503	PCiC	Compound::DB05521
Pharmacologic Class::N0000191267	PCiC	Compound::DB00252
Pharmacologic Class::N0000181819	PCiC	Compound::DB00514
Pharmacologic Class::N0000175450	PCiC	Compound::DB00443
Pharmacologic Class::N0000007706	PCiC	Compound::DB00654
Pharmacologic Class::N0000175764	PCiC	Compound::DB00998
Pharmacologic Class::N0000171131	PCiC	Compound::DB01086
Pharmacologic Class::N0000185506	PCiC	Compound::DB08912
Pharmacologic Class::N0000007853	PCiC	Compound::DB00479
Pharmacologic Class::N0000175450	PCiC	Compound::DB01222
Pharmacologic Class::N0000175732	PCiC	Compound::DB01337
Pharmacologic Class::N0000007770	PCiC	Compound::DB00322
Pharmacologic Class::N0000175764	PCiC	Compound::DB00953
Pharmacologic Class::N0000008638	PCiC	Compound::DB00050
Pharmacologic Class::N0000185506	PCiC	Compound::DB00673
Pharmacologic Class::N0000175073	PCiC	Compound::DB00958
Pharmacologic Class::N0000009909	PCiC	Compound::DB00727
Pharmacologic Class::N0000182139	PCiC	Compound::DB08865
Pharmacologic Class::N0000000236	PCiC	Compound::DB04572
Pharmacologic Class::N0000191277	PCiC	Compound::DB06210
Pharmacologic Class::N0000007542	PCiC	Compound::DB00897
Pharmacologic Class::N0000175632	PCiC	Compound::DB00302
Pharmacologic Class::N0000011311	PCiC	Compound::DB00355
Pharmacologic Class::N0000175732	PCiC	Compound::DB01339
Pharmacologic Class::N0000000190	PCiC	Compound::DB00972
Pharmacologic Class::N0000185504	PCiC	Compound::DB00549
Pharmacologic Class::N0000008832	PCiC	Compound::DB00758
Pharmacologic Class::N0000185607	PCiC	Compound::DB00503
Pharmacologic Class::N0000008486	PCiC	Compound::DB00909
Pharmacologic Class::N0000175450	PCiC	Compound::DB00846
Pharmacologic Class::N0000190113	PCiC	Compound::DB06210
Pharmacologic Class::N0000000207	PCiC	Compound::DB00557
Pharmacologic Class::N0000000109	PCiC	Compound::DB08918
Pharmacologic Class::N0000008486	PCiC	Compound::DB00593
Pharmacologic Class::N0000185506	PCiC	Compound::DB00273
Pharmacologic Class::N0000175433	PCiC	Compound::DB01256
Pharmacologic Class::N0000180999	PCiC	Compound::DB08822
Pharmacologic Class::N0000182141	PCiC	Compound::DB00091
Pharmacologic Class::N0000008241	PCiC	Compound::DB01185
Pharmacologic Class::N0000000196	PCiC	Compound::DB00425
Pharmacologic Class::N0000182138	PCiC	Compound::DB01609
Pharmacologic Class::N0000000102	PCiC	Compound::DB00476
Pharmacologic Class::N0000011161	PCiC	Compound::DB01112
Pharmacologic Class::N0000000209	PCiC	Compound::DB00852
Pharmacologic Class::N0000008217	PCiC	Compound::DB01127
Pharmacologic Class::N0000187061	PCiC	Compound::DB00243
Pharmacologic Class::N0000175730	PCiC	Compound::DB00423
Pharmacologic Class::N0000175702	PCiC	Compound::DB01273
Pharmacologic Class::N0000007618	PCiC	Compound::DB00248
Pharmacologic Class::N0000191423	PCiC	Compound::DB08930
Pharmacologic Class::N0000008553	PCiC	Compound::DB00973
Pharmacologic Class::N0000000069	PCiC	Compound::DB00270
Pharmacologic Class::N0000007681	PCiC	Compound::DB00281
Pharmacologic Class::N0000190118	PCiC	Compound::DB00625
Pharmacologic Class::N0000182138	PCiC	Compound::DB08881
Pharmacologic Class::N0000009267	PCiC	Compound::DB00724
Pharmacologic Class::N0000191264	PCiC	Compound::DB00701
Pharmacologic Class::N0000175460	PCiC	Compound::DB00705
Pharmacologic Class::N0000008859	PCiC	Compound::DB00594
Pharmacologic Class::N0000010258	PCiC	Compound::DB00271
Pharmacologic Class::N0000006337	PCiC	Compound::DB00153
Pharmacologic Class::N0000175975	PCiC	Compound::DB01189
Pharmacologic Class::N0000175651	PCiC	Compound::DB00865
Pharmacologic Class::N0000187058	PCiC	Compound::DB06292
Pharmacologic Class::N0000000125	PCiC	Compound::DB00209
Pharmacologic Class::N0000010258	PCiC	Compound::DB08947
Pharmacologic Class::N0000008217	PCiC	Compound::DB01263
Pharmacologic Class::N0000185506	PCiC	Compound::DB00648
Pharmacologic Class::N0000175721	PCiC	Compound::DB00482
Pharmacologic Class::N0000008054	PCiC	Compound::DB00672
Pharmacologic Class::N0000007542	PCiC	Compound::DB01068
Pharmacologic Class::N0000175651	PCiC	Compound::DB00937
Pharmacologic Class::N0000007544	PCiC	Compound::DB01069
Pharmacologic Class::N0000175085	PCiC	Compound::DB00400
Pharmacologic Class::N0000000146	PCiC	Compound::DB00624
Pharmacologic Class::N0000175817	PCiC	Compound::DB00377
Pharmacologic Class::N0000007889	PCiC	Compound::DB00512
Pharmacologic Class::N0000011281	PCiC	Compound::DB01053
Pharmacologic Class::N0000007556	PCiC	Compound::DB00381
Pharmacologic Class::N0000000236	PCiC	Compound::DB00488
Pharmacologic Class::N0000175788	PCiC	Compound::DB06213
Pharmacologic Class::N0000175512	PCiC	Compound::DB06795
Pharmacologic Class::N0000000122	PCiC	Compound::DB00751
Pharmacologic Class::N0000175862	PCiC	Compound::DB00789
Pharmacologic Class::N0000175917	PCiC	Compound::DB00550
Pharmacologic Class::N0000175684	PCiC	Compound::DB00295
Pharmacologic Class::N0000167094	PCiC	Compound::DB00740
Pharmacologic Class::N0000178477	PCiC	Compound::DB08822
Pharmacologic Class::N0000000070	PCiC	Compound::DB00966
Pharmacologic Class::N0000000233	PCiC	Compound::DB00928
Pharmacologic Class::N0000008832	PCiC	Compound::DB00975
Pharmacologic Class::N0000009909	PCiC	Compound::DB00435
Pharmacologic Class::N0000175361	PCiC	Compound::DB00765
Pharmacologic Class::N0000175912	PCiC	Compound::DB01261
Pharmacologic Class::N0000007542	PCiC	Compound::DB00475
Pharmacologic Class::N0000008859	PCiC	Compound::DB00384
Pharmacologic Class::N0000175084	PCiC	Compound::DB00050
Pharmacologic Class::N0000000166	PCiC	Compound::DB00491
Pharmacologic Class::N0000008217	PCiC	Compound::DB00196
Pharmacologic Class::N0000175359	PCiC	Compound::DB00880
Pharmacologic Class::N0000000233	PCiC	Compound::DB00631
Pharmacologic Class::N0000175547	PCiC	Compound::DB06151
Pharmacologic Class::N0000011161	PCiC	Compound::DB01212
Pharmacologic Class::N0000187061	PCiC	Compound::DB08930
Pharmacologic Class::N0000000190	PCiC	Compound::DB00967
Pharmacologic Class::N0000011161	PCiC	Compound::DB01413
Pharmacologic Class::N0000175469	PCiC	Compound::DB00529
Pharmacologic Class::N0000008663	PCiC	Compound::DB01041
Pharmacologic Class::N0000008486	PCiC	Compound::DB00347
Pharmacologic Class::N0000175359	PCiC	Compound::DB00742
Pharmacologic Class::N0000175808	PCiC	Compound::DB00348
Pharmacologic Class::N0000008048	PCiC	Compound::DB01144
Pharmacologic Class::N0000175915	PCiC	Compound::DB00035
Pharmacologic Class::N0000000207	PCiC	Compound::DB00245
Pharmacologic Class::N0000185607	PCiC	Compound::DB08899
Pharmacologic Class::N0000182137	PCiC	Compound::DB00243
Pharmacologic Class::N0000175982	PCiC	Compound::DB01022
Pharmacologic Class::N0000175442	PCiC	Compound::DB01190
Pharmacologic Class::N0000175459	PCiC	Compound::DB00811
Pharmacologic Class::N0000175359	PCiC	Compound::DB00436
Pharmacologic Class::N0000009371	PCiC	Compound::DB09020
Pharmacologic Class::N0000008779	PCiC	Compound::DB00771
Pharmacologic Class::N0000008486	PCiC	Compound::DB01202
Pharmacologic Class::N0000182137	PCiC	Compound::DB08893
Pharmacologic Class::N0000175830	PCiC	Compound::DB00367
Pharmacologic Class::N0000190107	PCiC	Compound::DB08912
Pharmacologic Class::N0000190114	PCiC	Compound::DB00243
Pharmacologic Class::N0000007961	PCiC	Compound::DB01225
Pharmacologic Class::N0000007606	PCiC	Compound::DB01155
Pharmacologic Class::N0000182141	PCiC	Compound::DB08827
Pharmacologic Class::N0000011280	PCiC	Compound::DB01240
Pharmacologic Class::N0000008048	PCiC	Compound::DB00263
Pharmacologic Class::N0000010288	PCiC	Compound::DB00742
Pharmacologic Class::N0000175459	PCiC	Compound::DB00299
Pharmacologic Class::N0000175372	PCiC	Compound::DB00937
Pharmacologic Class::N0000166469	PCiC	Compound::DB01324
Pharmacologic Class::N0000175450	PCiC	Compound::DB00860
Pharmacologic Class::N0000175976	PCiC	Compound::DB00750
Pharmacologic Class::N0000170118	PCiC	Compound::DB01132
Pharmacologic Class::N0000000144	PCiC	Compound::DB00746
Pharmacologic Class::N0000007911	PCiC	Compound::DB00615
Pharmacologic Class::N0000007544	PCiC	Compound::DB00433
Pharmacologic Class::N0000000125	PCiC	Compound::DB00572
Pharmacologic Class::N0000008217	PCiC	Compound::DB01007
Pharmacologic Class::N0000175729	PCiC	Compound::DB01255
Pharmacologic Class::N0000000174	PCiC	Compound::DB06204
Pharmacologic Class::N0000000202	PCiC	Compound::DB00766
Pharmacologic Class::N0000007683	PCiC	Compound::DB00364
Pharmacologic Class::N0000000176	PCiC	Compound::DB01204
Pharmacologic Class::N0000010258	PCiC	Compound::DB01249
Pharmacologic Class::N0000005760	PCiC	Compound::DB00795
Pharmacologic Class::N0000008048	PCiC	Compound::DB00819
Pharmacologic Class::N0000009923	PCiC	Compound::DB01136
Pharmacologic Class::N0000175917	PCiC	Compound::DB00763
Pharmacologic Class::N0000000069	PCiC	Compound::DB00343
Pharmacologic Class::N0000175450	PCiC	Compound::DB00959
Pharmacologic Class::N0000190114	PCiC	Compound::DB05521
Pharmacologic Class::N0000007151	PCiC	Compound::DB00650
Pharmacologic Class::N0000009801	PCiC	Compound::DB00707
Pharmacologic Class::N0000175359	PCiC	Compound::DB00384
Pharmacologic Class::N0000006688	PCiC	Compound::DB00583
Pharmacologic Class::N0000000083	PCiC	Compound::DB00471
Pharmacologic Class::N0000175763	PCiC	Compound::DB00669
Pharmacologic Class::N0000185504	PCiC	Compound::DB08896
Pharmacologic Class::N0000175862	PCiC	Compound::DB00538
Pharmacologic Class::N0000006269	PCiC	Compound::DB00162
Pharmacologic Class::N0000175763	PCiC	Compound::DB00953
Pharmacologic Class::N0000008010	PCiC	Compound::DB00486
Pharmacologic Class::N0000178478	PCiC	Compound::DB00368
Pharmacologic Class::N0000175975	PCiC	Compound::DB00818
Pharmacologic Class::N0000007780	PCiC	Compound::DB00541
Pharmacologic Class::N0000175372	PCiC	Compound::DB01577
Pharmacologic Class::N0000175763	PCiC	Compound::DB00216
Pharmacologic Class::N0000010262	PCiC	Compound::DB00673
Pharmacologic Class::N0000175450	PCiC	Compound::DB00635
Pharmacologic Class::N0000175372	PCiC	Compound::DB01579
Pharmacologic Class::N0000178324	PCiC	Compound::DB06809
Pharmacologic Class::N0000184143	PCiC	Compound::DB06775
Pharmacologic Class::N0000175370	PCiC	Compound::DB08897
Pharmacologic Class::N0000175076	PCiC	Compound::DB06287
Pharmacologic Class::N0000175359	PCiC	Compound::DB00232
Pharmacologic Class::N0000011301	PCiC	Compound::DB00351
Pharmacologic Class::N0000009176	PCiC	Compound::DB05013
Pharmacologic Class::N0000008832	PCiC	Compound::DB00208
Pharmacologic Class::N0000185607	PCiC	Compound::DB00252
Pharmacologic Class::N0000187062	PCiC	Compound::DB06589
Pharmacologic Class::N0000007606	PCiC	Compound::DB00537
Pharmacologic Class::N0000020015	PCiC	Compound::DB01043
Pharmacologic Class::N0000009269	PCiC	Compound::DB00724
Pharmacologic Class::N0000009022	PCiC	Compound::DB00771
Pharmacologic Class::N0000005760	PCiC	Compound::DB01014
Pharmacologic Class::N0000000239	PCiC	Compound::DB01394
Pharmacologic Class::N0000182140	PCiC	Compound::DB00338
Pharmacologic Class::N0000175686	PCiC	Compound::DB00611
Pharmacologic Class::N0000011272	PCiC	Compound::DB01132
Pharmacologic Class::N0000000102	PCiC	Compound::DB00285
Pharmacologic Class::N0000000246	PCiC	Compound::DB00932
Pharmacologic Class::N0000185007	PCiC	Compound::DB08893
Pharmacologic Class::N0000007621	PCiC	Compound::DB00696
Pharmacologic Class::N0000166469	PCiC	Compound::DB00232
Pharmacologic Class::N0000009801	PCiC	Compound::DB00460
Pharmacologic Class::N0000007663	PCiC	Compound::DB00911
Pharmacologic Class::N0000007707	PCiC	Compound::DB01133
Pharmacologic Class::N0000009948	PCiC	Compound::DB00705
Pharmacologic Class::N0000006999	PCiC	Compound::DB01005
Pharmacologic Class::N0000000243	PCiC	Compound::DB08899
Pharmacologic Class::N0000000125	PCiC	Compound::DB01036
Pharmacologic Class::N0000011301	PCiC	Compound::DB00957
Pharmacologic Class::N0000020060	PCiC	Compound::DB00426
Pharmacologic Class::N0000185503	PCiC	Compound::DB06616
Pharmacologic Class::N0000009918	PCiC	Compound::DB00633
Pharmacologic Class::N0000020000	PCiC	Compound::DB08865
Pharmacologic Class::N0000007544	PCiC	Compound::DB00623
Pharmacologic Class::N0000175970	PCiC	Compound::DB06210
Pharmacologic Class::N0000000125	PCiC	Compound::DB01062
Pharmacologic Class::N0000007911	PCiC	Compound::DB01045
Pharmacologic Class::N0000011402	PCiC	Compound::DB00783
Pharmacologic Class::N0000007544	PCiC	Compound::DB00679
Pharmacologic Class::N0000010217	PCiC	Compound::DB00553
Pharmacologic Class::N0000000196	PCiC	Compound::DB00962
Pharmacologic Class::N0000009982	PCiC	Compound::DB00548
Pharmacologic Class::N0000011301	PCiC	Compound::DB00367
Pharmacologic Class::N0000175628	PCiC	Compound::DB01003
Pharmacologic Class::N0000190482	PCiC	Compound::DB08816
Pharmacologic Class::N0000000176	PCiC	Compound::DB00694
Pharmacologic Class::N0000009922	PCiC	Compound::DB05039
Pharmacologic Class::N0000010288	PCiC	Compound::DB00581
Pharmacologic Class::N0000182141	PCiC	Compound::DB08873
Pharmacologic Class::N0000175684	PCiC	Compound::DB00333
Pharmacologic Class::N0000000154	PCiC	Compound::DB01183
Pharmacologic Class::N0000175076	PCiC	Compound::DB06589
Pharmacologic Class::N0000175729	PCiC	Compound::DB00182
Pharmacologic Class::N0000007530	PCiC	Compound::DB01177
Pharmacologic Class::N0000175862	PCiC	Compound::DB00225
Pharmacologic Class::N0000009924	PCiC	Compound::DB01136
Pharmacologic Class::N0000175085	PCiC	Compound::DB04845
Pharmacologic Class::N0000175968	PCiC	Compound::DB06210
Pharmacologic Class::N0000175075	PCiC	Compound::DB00188
Pharmacologic Class::N0000175721	PCiC	Compound::DB00814
Pharmacologic Class::N0000000083	PCiC	Compound::DB00549
Pharmacologic Class::N0000008486	PCiC	Compound::DB00564
Pharmacologic Class::N0000008853	PCiC	Compound::DB01188
Pharmacologic Class::N0000175684	PCiC	Compound::DB00647
Pharmacologic Class::N0000185504	PCiC	Compound::DB01015
Pharmacologic Class::N0000185503	PCiC	Compound::DB01118
Pharmacologic Class::N0000007911	PCiC	Compound::DB01201
Pharmacologic Class::N0000000109	PCiC	Compound::DB00476
Pharmacologic Class::N0000175359	PCiC	Compound::DB00808
Pharmacologic Class::N0000175686	PCiC	Compound::DB00652
Pharmacologic Class::N0000175508	PCiC	Compound::DB00520
Pharmacologic Class::N0000008836	PCiC	Compound::DB00945
Pharmacologic Class::N0000166469	PCiC	Compound::DB00436
Pharmacologic Class::N0000009918	PCiC	Compound::DB00575
Pharmacologic Class::N0000190108	PCiC	Compound::DB08912
Pharmacologic Class::N0000000243	PCiC	Compound::DB00665
Pharmacologic Class::N0000000191	PCiC	Compound::DB01131
Pharmacologic Class::N0000000154	PCiC	Compound::DB06800
Pharmacologic Class::N0000182141	PCiC	Compound::DB06290
Pharmacologic Class::N0000007700	PCiC	Compound::DB00523
Pharmacologic Class::N0000175684	PCiC	Compound::DB00454
Pharmacologic Class::N0000190107	PCiC	Compound::DB05521
Pharmacologic Class::N0000000069	PCiC	Compound::DB01023
Pharmacologic Class::N0000182140	PCiC	Compound::DB00196
Pharmacologic Class::N0000175359	PCiC	Compound::DB00310
Pharmacologic Class::N0000008217	PCiC	Compound::DB00251
Pharmacologic Class::N0000175850	PCiC	Compound::DB00600
Pharmacologic Class::N0000000174	PCiC	Compound::DB00956
Pharmacologic Class::N0000008556	PCiC	Compound::DB00974
Pharmacologic Class::N0000007888	PCiC	Compound::DB01294
Pharmacologic Class::N0000187064	PCiC	Compound::DB08912
Pharmacologic Class::N0000190113	PCiC	Compound::DB00503
Pharmacologic Class::N0000011414	PCiC	Compound::DB00976
Pharmacologic Class::N0000000104	PCiC	Compound::DB01085
Pharmacologic Class::N0000007707	PCiC	Compound::DB00710
Pharmacologic Class::N0000000194	PCiC	Compound::DB00104
Pharmacologic Class::N0000175817	PCiC	Compound::DB00904
Pharmacologic Class::N0000175632	PCiC	Compound::DB00513
Pharmacologic Class::N0000000236	PCiC	Compound::DB00305
Pharmacologic Class::N0000185504	PCiC	Compound::DB00196
Pharmacologic Class::N0000190118	PCiC	Compound::DB00252
Pharmacologic Class::N0000007700	PCiC	Compound::DB00799
Pharmacologic Class::N0000008054	PCiC	Compound::DB01067
Pharmacologic Class::N0000007556	PCiC	Compound::DB00622
Pharmacologic Class::N0000000125	PCiC	Compound::DB01591
Pharmacologic Class::N0000007542	PCiC	Compound::DB00404
Pharmacologic Class::N0000008486	PCiC	Compound::DB00776
Pharmacologic Class::N0000185503	PCiC	Compound::DB08881
Pharmacologic Class::N0000175359	PCiC	Compound::DB00999
Pharmacologic Class::N0000175436	PCiC	Compound::DB00198
Pharmacologic Class::N0000020060	PCiC	Compound::DB01004
Pharmacologic Class::N0000182141	PCiC	Compound::DB08820
Pharmacologic Class::N0000185503	PCiC	Compound::DB01590
Pharmacologic Class::N0000185504	PCiC	Compound::DB00582
Pharmacologic Class::N0000000069	PCiC	Compound::DB00393
Pharmacologic Class::N0000000233	PCiC	Compound::DB00993
Pharmacologic Class::N0000190114	PCiC	Compound::DB01232
Pharmacologic Class::N0000175684	PCiC	Compound::DB00854
Pharmacologic Class::N0000175729	PCiC	Compound::DB06701
Pharmacologic Class::N0000000151	PCiC	Compound::DB00585
Pharmacologic Class::N0000178477	PCiC	Compound::DB00542
Pharmacologic Class::N0000175763	PCiC	Compound::DB00998
Pharmacologic Class::N0000000190	PCiC	Compound::DB00950
Pharmacologic Class::N0000185507	PCiC	Compound::DB00564
Pharmacologic Class::N0000185503	PCiC	Compound::DB08827
Pharmacologic Class::N0000000168	PCiC	Compound::DB00947
Pharmacologic Class::N0000006996	PCiC	Compound::DB00136
Pharmacologic Class::N0000000233	PCiC	Compound::DB00544
Pharmacologic Class::N0000008486	PCiC	Compound::DB06218
Pharmacologic Class::N0000007566	PCiC	Compound::DB01091
Pharmacologic Class::N0000182143	PCiC	Compound::DB08816
Pharmacologic Class::N0000009947	PCiC	Compound::DB00495
Pharmacologic Class::N0000000160	PCiC	Compound::DB00963
Pharmacologic Class::N0000175365	PCiC	Compound::DB00375
Pharmacologic Class::N0000175370	PCiC	Compound::DB00462
Pharmacologic Class::N0000175972	PCiC	Compound::DB00261
Pharmacologic Class::N0000175450	PCiC	Compound::DB01130
Pharmacologic Class::N0000009918	PCiC	Compound::DB00697
Pharmacologic Class::N0000000233	PCiC	Compound::DB00987
Pharmacologic Class::N0000008217	PCiC	Compound::DB01026
Pharmacologic Class::N0000007853	PCiC	Compound::DB01082
Pharmacologic Class::N0000007700	PCiC	Compound::DB00755
Pharmacologic Class::N0000191267	PCiC	Compound::DB04911
Pharmacologic Class::N0000000146	PCiC	Compound::DB01185
Pharmacologic Class::N0000166489	PCiC	Compound::DB06800
Pharmacologic Class::N0000182147	PCiC	Compound::DB00514
Pharmacologic Class::N0000175729	PCiC	Compound::DB01576
Pharmacologic Class::N0000009948	PCiC	Compound::DB06414
Pharmacologic Class::N0000175969	PCiC	Compound::DB06210
Pharmacologic Class::N0000011161	PCiC	Compound::DB01332
Pharmacologic Class::N0000191266	PCiC	Compound::DB00564
Pharmacologic Class::N0000008016	PCiC	Compound::DB00474
Pharmacologic Class::N0000175459	PCiC	Compound::DB00709
Pharmacologic Class::N0000007710	PCiC	Compound::DB00929
Pharmacologic Class::N0000190111	PCiC	Compound::DB08912
Pharmacologic Class::N0000008217	PCiC	Compound::DB00257
Pharmacologic Class::N0000191265	PCiC	Compound::DB08865
Pharmacologic Class::N0000008683	PCiC	Compound::DB00744
Pharmacologic Class::N0000185503	PCiC	Compound::DB06290
Pharmacologic Class::N0000190107	PCiC	Compound::DB06290
Pharmacologic Class::N0000008486	PCiC	Compound::DB00906
Pharmacologic Class::N0000007196	PCiC	Compound::DB01057
Pharmacologic Class::N0000000100	PCiC	Compound::DB00977
Pharmacologic Class::N0000007658	PCiC	Compound::DB00698
Pharmacologic Class::N0000008330	PCiC	Compound::DB00489
Pharmacologic Class::N0000000100	PCiC	Compound::DB01357
Pharmacologic Class::N0000007568	PCiC	Compound::DB00601
Pharmacologic Class::N0000175086	PCiC	Compound::DB00261
Pharmacologic Class::N0000175976	PCiC	Compound::DB00297
Pharmacologic Class::N0000175721	PCiC	Compound::DB00749
Pharmacologic Class::N0000191272	PCiC	Compound::DB01072
Pharmacologic Class::N0000008048	PCiC	Compound::DB00909
Pharmacologic Class::N0000187061	PCiC	Compound::DB08865
Pharmacologic Class::N0000175628	PCiC	Compound::DB00768
Pharmacologic Class::N0000175685	PCiC	Compound::DB00921
Pharmacologic Class::N0000175076	PCiC	Compound::DB01590
Pharmacologic Class::N0000175460	PCiC	Compound::DB08864
Pharmacologic Class::N0000175375	PCiC	Compound::DB01039
Pharmacologic Class::N0000175685	PCiC	Compound::DB00652
Pharmacologic Class::N0000175359	PCiC	Compound::DB00524
Pharmacologic Class::N0000009917	PCiC	Compound::DB00388
Pharmacologic Class::N0000187064	PCiC	Compound::DB00625
Pharmacologic Class::N0000185607	PCiC	Compound::DB08912
Pharmacologic Class::N0000175513	PCiC	Compound::DB01597
Pharmacologic Class::N0000175651	PCiC	Compound::DB00745
Pharmacologic Class::N0000000236	PCiC	Compound::DB01042
Pharmacologic Class::N0000184148	PCiC	Compound::DB08828
Pharmacologic Class::N0000008054	PCiC	Compound::DB00839
Pharmacologic Class::N0000175730	PCiC	Compound::DB00660
Pharmacologic Class::N0000007681	PCiC	Compound::DB00296
Pharmacologic Class::N0000006277	PCiC	Compound::DB00169
Pharmacologic Class::N0000178478	PCiC	Compound::DB06262
Pharmacologic Class::N0000175975	PCiC	Compound::DB00633
Pharmacologic Class::N0000171131	PCiC	Compound::DB00527
Pharmacologic Class::N0000185503	PCiC	Compound::DB08865
Pharmacologic Class::N0000000236	PCiC	Compound::DB00888
Pharmacologic Class::N0000007909	PCiC	Compound::DB00553
Pharmacologic Class::N0000175379	PCiC	Compound::DB00350
Pharmacologic Class::N0000007948	PCiC	Compound::DB00560
Pharmacologic Class::N0000175817	PCiC	Compound::DB00889
Pharmacologic Class::N0000008841	PCiC	Compound::DB00548
Pharmacologic Class::N0000175635	PCiC	Compound::DB00569
Pharmacologic Class::N0000005934	PCiC	Compound::DB00396
Pharmacologic Class::N0000007948	PCiC	Compound::DB00618
Pharmacologic Class::N0000187064	PCiC	Compound::DB00238
Pharmacologic Class::N0000008486	PCiC	Compound::DB00949
Pharmacologic Class::N0000009905	PCiC	Compound::DB06811
Pharmacologic Class::N0000011281	PCiC	Compound::DB00713
Pharmacologic Class::N0000000174	PCiC	Compound::DB00836
Pharmacologic Class::N0000175721	PCiC	Compound::DB00861
Pharmacologic Class::N0000007706	PCiC	Compound::DB00287
Pharmacologic Class::N0000175366	PCiC	Compound::DB00695
Pharmacologic Class::N0000011310	PCiC	Compound::DB00700
Pharmacologic Class::N0000007529	PCiC	Compound::DB00207
Pharmacologic Class::N0000007542	PCiC	Compound::DB00683
Pharmacologic Class::N0000175975	PCiC	Compound::DB00292
Pharmacologic Class::N0000175914	PCiC	Compound::DB00035
Pharmacologic Class::N0000175450	PCiC	Compound::DB00253
Pharmacologic Class::N0000175729	PCiC	Compound::DB00201
Pharmacologic Class::N0000000176	PCiC	Compound::DB01030
Pharmacologic Class::N0000190110	PCiC	Compound::DB08912
Pharmacologic Class::N0000182141	PCiC	Compound::DB00673
Pharmacologic Class::N0000000106	PCiC	Compound::DB08819
Pharmacologic Class::N0000008054	PCiC	Compound::DB01124
Pharmacologic Class::N0000000070	PCiC	Compound::DB00177
Pharmacologic Class::N0000185507	PCiC	Compound::DB00252
Pharmacologic Class::N0000008053	PCiC	Compound::DB00250
Pharmacologic Class::N0000182143	PCiC	Compound::DB06209
Pharmacologic Class::N0000007632	PCiC	Compound::DB00451
Pharmacologic Class::N0000000102	PCiC	Compound::DB04896
Pharmacologic Class::N0000009922	PCiC	Compound::DB01001
Pharmacologic Class::N0000190115	PCiC	Compound::DB01026
Pharmacologic Class::N0000010217	PCiC	Compound::DB00707
Pharmacologic Class::N0000185503	PCiC	Compound::DB08820
Pharmacologic Class::N0000175912	PCiC	Compound::DB08882
Pharmacologic Class::N0000175976	PCiC	Compound::DB09009
Pharmacologic Class::N0000175085	PCiC	Compound::DB08871
Pharmacologic Class::N0000190114	PCiC	Compound::DB08865
Pharmacologic Class::N0000000206	PCiC	Compound::DB00437
Pharmacologic Class::N0000185506	PCiC	Compound::DB00564
Pharmacologic Class::N0000011301	PCiC	Compound::DB00304
Pharmacologic Class::N0000182143	PCiC	Compound::DB00758
Pharmacologic Class::N0000175965	PCiC	Compound::DB01022
Pharmacologic Class::N0000007715	PCiC	Compound::DB00368
Pharmacologic Class::N0000170118	PCiC	Compound::DB01039
Pharmacologic Class::N0000190107	PCiC	Compound::DB06210
Pharmacologic Class::N0000007715	PCiC	Compound::DB00668
Pharmacologic Class::N0000007706	PCiC	Compound::DB00917
Pharmacologic Class::N0000000190	PCiC	Compound::DB00920
Pharmacologic Class::N0000000154	PCiC	Compound::DB00704
Pharmacologic Class::N0000182141	PCiC	Compound::DB01590
Pharmacologic Class::N0000175076	PCiC	Compound::DB08881
Pharmacologic Class::N0000008217	PCiC	Compound::DB01110
Pharmacologic Class::N0000008478	PCiC	Compound::DB00878
Pharmacologic Class::N0000167510	PCiC	Compound::DB00286
Pharmacologic Class::N0000011301	PCiC	Compound::DB00294
Pharmacologic Class::N0000009948	PCiC	Compound::DB00238
Pharmacologic Class::N0000007544	PCiC	Compound::DB00933
Pharmacologic Class::N0000007780	PCiC	Compound::DB00361
Pharmacologic Class::N0000175799	PCiC	Compound::DB00450
Pharmacologic Class::N0000000176	PCiC	Compound::DB01177
Pharmacologic Class::N0000009982	PCiC	Compound::DB00199
Pharmacologic Class::N0000007606	PCiC	Compound::DB00218
Pharmacologic Class::N0000175374	PCiC	Compound::DB01132
Pharmacologic Class::N0000011272	PCiC	Compound::DB00412
Pharmacologic Class::N0000175976	PCiC	Compound::DB00961
Pharmacologic Class::N0000175450	PCiC	Compound::DB00873
Pharmacologic Class::N0000182141	PCiC	Compound::DB00503
Pharmacologic Class::N0000006276	PCiC	Compound::DB00115
Pharmacologic Class::N0000007556	PCiC	Compound::DB00393
Pharmacologic Class::N0000191624	PCiC	Compound::DB00518
Pharmacologic Class::N0000182137	PCiC	Compound::DB06589
Pharmacologic Class::N0000182138	PCiC	Compound::DB01118
Pharmacologic Class::N0000007707	PCiC	Compound::DB00630
Pharmacologic Class::N0000000146	PCiC	Compound::DB06710
Pharmacologic Class::N0000009909	PCiC	Compound::DB01240
Pharmacologic Class::N0000007542	PCiC	Compound::DB00690
Pharmacologic Class::N0000008486	PCiC	Compound::DB00754
Pharmacologic Class::N0000007706	PCiC	Compound::DB00770
Pharmacologic Class::N0000185504	PCiC	Compound::DB00625
Pharmacologic Class::N0000175450	PCiC	Compound::DB00288
Pharmacologic Class::N0000008048	PCiC	Compound::DB01299
Pharmacologic Class::N0000185503	PCiC	Compound::DB01601
Pharmacologic Class::N0000007542	PCiC	Compound::DB00829
Pharmacologic Class::N0000009526	PCiC	Compound::DB08819
Pharmacologic Class::N0000009724	PCiC	Compound::DB00448
Pharmacologic Class::N0000182137	PCiC	Compound::DB00503
Pharmacologic Class::N0000008217	PCiC	Compound::DB00239
Pharmacologic Class::N0000185503	PCiC	Compound::DB01026
Pharmacologic Class::N0000175976	PCiC	Compound::DB00807
Pharmacologic Class::N0000007544	PCiC	Compound::DB00850
Pharmacologic Class::N0000175459	PCiC	Compound::DB01610
Pharmacologic Class::N0000175729	PCiC	Compound::DB00422
Pharmacologic Class::N0000175763	PCiC	Compound::DB00315
Pharmacologic Class::N0000175450	PCiC	Compound::DB01260
Pharmacologic Class::N0000000151	PCiC	Compound::DB00863
Pharmacologic Class::N0000000146	PCiC	Compound::DB01406
Pharmacologic Class::N0000008732	PCiC	Compound::DB00400
Pharmacologic Class::N0000000114	PCiC	Compound::DB01105
Pharmacologic Class::N0000006277	PCiC	Compound::DB02300
Pharmacologic Class::N0000000160	PCiC	Compound::DB06802
Pharmacologic Class::N0000175549	PCiC	Compound::DB00847
Pharmacologic Class::N0000009909	PCiC	Compound::DB00374
Pharmacologic Class::N0000005760	PCiC	Compound::DB01250
Pharmacologic Class::N0000190114	PCiC	Compound::DB01211
Pharmacologic Class::N0000009079	PCiC	Compound::DB00536
Pharmacologic Class::N0000191278	PCiC	Compound::DB06210
Pharmacologic Class::N0000007948	PCiC	Compound::DB00595
Pharmacologic Class::N0000007672	PCiC	Compound::DB00646
Pharmacologic Class::N0000000233	PCiC	Compound::DB01280
Pharmacologic Class::N0000009922	PCiC	Compound::DB01274
Pharmacologic Class::N0000007556	PCiC	Compound::DB00270
Pharmacologic Class::N0000009456	PCiC	Compound::DB01156
Pharmacologic Class::N0000175436	PCiC	Compound::DB00558
Pharmacologic Class::N0000007853	PCiC	Compound::DB00955
Pharmacologic Class::N0000007542	PCiC	Compound::DB00628
Pharmacologic Class::N0000000236	PCiC	Compound::DB00291
Pharmacologic Class::N0000175459	PCiC	Compound::DB01048
Pharmacologic Class::N0000175359	PCiC	Compound::DB00594
Pharmacologic Class::N0000011281	PCiC	Compound::DB00417
Pharmacologic Class::N0000008867	PCiC	Compound::DB06151
Pharmacologic Class::N0000008118	PCiC	Compound::DB00201
Pharmacologic Class::N0000182137	PCiC	Compound::DB01590
Pharmacologic Class::N0000175799	PCiC	Compound::DB01233
Pharmacologic Class::N0000182141	PCiC	Compound::DB01026
Pharmacologic Class::N0000000190	PCiC	Compound::DB00341
Pharmacologic Class::N0000020081	PCiC	Compound::DB01012
Pharmacologic Class::N0000175851	PCiC	Compound::DB00600
Pharmacologic Class::N0000175721	PCiC	Compound::DB00554
Pharmacologic Class::N0000185503	PCiC	Compound::DB00909
Pharmacologic Class::N0000175721	PCiC	Compound::DB01050
Pharmacologic Class::N0000000236	PCiC	Compound::DB05109
Pharmacologic Class::N0000006165	PCiC	Compound::DB00279
Pharmacologic Class::N0000175921	PCiC	Compound::DB01011
Pharmacologic Class::N0000175628	PCiC	Compound::DB00885
Pharmacologic Class::N0000175533	PCiC	Compound::DB00693
Pharmacologic Class::N0000190115	PCiC	Compound::DB08816
Pharmacologic Class::N0000185506	PCiC	Compound::DB08899
Pharmacologic Class::N0000175964	PCiC	Compound::DB00946
Pharmacologic Class::N0000007606	PCiC	Compound::DB01165
Pharmacologic Class::N0000011301	PCiC	Compound::DB01395
Pharmacologic Class::N0000170119	PCiC	Compound::DB00412
Pharmacologic Class::N0000175755	PCiC	Compound::DB01235
Pharmacologic Class::N0000182140	PCiC	Compound::DB00273
Pharmacologic Class::N0000007606	PCiC	Compound::DB01137
Pharmacologic Class::N0000000150	PCiC	Compound::DB01188
Pharmacologic Class::N0000009947	PCiC	Compound::DB00900
Pharmacologic Class::N0000009911	PCiC	Compound::DB00770
Pharmacologic Class::N0000006806	PCiC	Compound::DB00160
Pharmacologic Class::N0000007700	PCiC	Compound::DB00459
Pharmacologic Class::N0000000115	PCiC	Compound::DB00834
Pharmacologic Class::N0000009947	PCiC	Compound::DB00879
Pharmacologic Class::N0000000069	PCiC	Compound::DB00381
Pharmacologic Class::N0000011161	PCiC	Compound::DB01415
Pharmacologic Class::N0000009871	PCiC	Compound::DB09020
Pharmacologic Class::N0000008217	PCiC	Compound::DB08933
Pharmacologic Class::N0000185506	PCiC	Compound::DB04911
Pharmacologic Class::N0000000190	PCiC	Compound::DB00748
Pharmacologic Class::N0000011161	PCiC	Compound::DB00567
Pharmacologic Class::N0000175763	PCiC	Compound::DB00952
Pharmacologic Class::N0000175479	PCiC	Compound::DB00446
Pharmacologic Class::N0000185506	PCiC	Compound::DB00701
Pharmacologic Class::N0000011161	PCiC	Compound::DB00493
Pharmacologic Class::N0000000190	PCiC	Compound::DB00751
Pharmacologic Class::N0000000236	PCiC	Compound::DB01168
Pharmacologic Class::N0000191273	PCiC	Compound::DB06210
Pharmacologic Class::N0000007529	PCiC	Compound::DB01211
Pharmacologic Class::N0000185507	PCiC	Compound::DB08912
Pharmacologic Class::N0000187064	PCiC	Compound::DB00564
Pharmacologic Class::N0000007883	PCiC	Compound::DB01577
Pharmacologic Class::N0000000109	PCiC	Compound::DB00285
Pharmacologic Class::N0000175721	PCiC	Compound::DB00945
Pharmacologic Class::N0000007544	PCiC	Compound::DB00477
Pharmacologic Class::N0000007700	PCiC	Compound::DB00982
Pharmacologic Class::N0000175459	PCiC	Compound::DB00426
Pharmacologic Class::N0000182140	PCiC	Compound::DB04911
Pharmacologic Class::N0000182638	PCiC	Compound::DB08873
Pharmacologic Class::N0000175076	PCiC	Compound::DB06616
Pharmacologic Class::N0000182141	PCiC	Compound::DB00196
Pharmacologic Class::N0000011281	PCiC	Compound::DB01607
Pharmacologic Class::N0000175508	PCiC	Compound::DB01141
Pharmacologic Class::N0000020024	PCiC	Compound::DB06811
Pharmacologic Class::N0000011281	PCiC	Compound::DB00607
Pharmacologic Class::N0000175542	PCiC	Compound::DB00478
Pharmacologic Class::N0000009393	PCiC	Compound::DB00561
Pharmacologic Class::N0000175076	PCiC	Compound::DB04868
Pharmacologic Class::N0000000202	PCiC	Compound::DB01606
Pharmacologic Class::N0000187062	PCiC	Compound::DB00440
Pharmacologic Class::N0000007948	PCiC	Compound::DB00254
Pharmacologic Class::N0000008486	PCiC	Compound::DB00555
Pharmacologic Class::N0000000069	PCiC	Compound::DB01115
Pharmacologic Class::N0000008486	PCiC	Compound::DB00794
Pharmacologic Class::N0000009947	PCiC	Compound::DB00709
Pharmacologic Class::N0000175654	PCiC	Compound::DB00014
Pharmacologic Class::N0000000102	PCiC	Compound::DB00289
Pharmacologic Class::N0000007522	PCiC	Compound::DB00735
Pharmacologic Class::N0000175650	PCiC	Compound::DB01089
Pharmacologic Class::N0000175087	PCiC	Compound::DB00551
Pharmacologic Class::N0000006290	PCiC	Compound::DB01022
Pharmacologic Class::N0000000069	PCiC	Compound::DB00401
Pharmacologic Class::N0000175764	PCiC	Compound::DB00952
Pharmacologic Class::N0000175685	PCiC	Compound::DB00844
Pharmacologic Class::N0000170118	PCiC	Compound::DB01241
Pharmacologic Class::N0000182141	PCiC	Compound::DB06589
Pharmacologic Class::N0000009871	PCiC	Compound::DB00581
Pharmacologic Class::N0000175085	PCiC	Compound::DB01248
Pharmacologic Class::N0000007681	PCiC	Compound::DB09009
Pharmacologic Class::N0000175763	PCiC	Compound::DB00918
Pharmacologic Class::N0000175912	PCiC	Compound::DB06203
Pharmacologic Class::N0000175960	PCiC	Compound::DB06151
Pharmacologic Class::N0000175628	PCiC	Compound::DB00751
Pharmacologic Class::N0000000166	PCiC	Compound::DB00284
Pharmacologic Class::N0000175629	PCiC	Compound::DB01086
Pharmacologic Class::N0000000111	PCiC	Compound::DB00563
Pharmacologic Class::N0000175085	PCiC	Compound::DB06772
Pharmacologic Class::N0000007618	PCiC	Compound::DB01200
Pharmacologic Class::N0000010217	PCiC	Compound::DB00460
Pharmacologic Class::N0000011301	PCiC	Compound::DB00823
Pharmacologic Class::N0000000236	PCiC	Compound::DB00851
Pharmacologic Class::N0000008486	PCiC	Compound::DB05246
Pharmacologic Class::N0000191280	PCiC	Compound::DB04911
Pharmacologic Class::N0000008241	PCiC	Compound::DB00624
Pharmacologic Class::N0000175075	PCiC	Compound::DB08889
Pharmacologic Class::N0000187063	PCiC	Compound::DB08912
Pharmacologic Class::N0000000250	PCiC	Compound::DB00980
Pharmacologic Class::N0000175764	PCiC	Compound::DB00669
Pharmacologic Class::N0000000233	PCiC	Compound::DB00552
Pharmacologic Class::N0000007542	PCiC	Compound::DB01215
Pharmacologic Class::N0000175730	PCiC	Compound::DB00924
Pharmacologic Class::N0000178477	PCiC	Compound::DB00584
Pharmacologic Class::N0000182141	PCiC	Compound::DB01211
Pharmacologic Class::N0000175817	PCiC	Compound::DB00757
Pharmacologic Class::N0000175450	PCiC	Compound::DB00741
Pharmacologic Class::N0000182137	PCiC	Compound::DB06700
Pharmacologic Class::N0000000176	PCiC	Compound::DB00762
Pharmacologic Class::N0000166469	PCiC	Compound::DB00774
Pharmacologic Class::N0000007606	PCiC	Compound::DB01059
Pharmacologic Class::N0000175372	PCiC	Compound::DB01105
Pharmacologic Class::N0000007542	PCiC	Compound::DB00231
Pharmacologic Class::N0000175073	PCiC	Compound::DB00515
Pharmacologic Class::N0000175459	PCiC	Compound::DB01099
Pharmacologic Class::N0000184306	PCiC	Compound::DB01086
Pharmacologic Class::N0000175459	PCiC	Compound::DB00432
Pharmacologic Class::N0000185503	PCiC	Compound::DB08816
Pharmacologic Class::N0000007822	PCiC	Compound::DB00781
Pharmacologic Class::N0000007556	PCiC	Compound::DB00401
Pharmacologic Class::N0000011281	PCiC	Compound::DB00485
Pharmacologic Class::N0000182137	PCiC	Compound::DB00349
Pharmacologic Class::N0000008241	PCiC	Compound::DB01406
Pharmacologic Class::N0000008048	PCiC	Compound::DB01015
Pharmacologic Class::N0000000102	PCiC	Compound::DB08918
Pharmacologic Class::N0000007544	PCiC	Compound::DB00831
Pharmacologic Class::N0000009034	PCiC	Compound::DB00737
Pharmacologic Class::N0000020019	PCiC	Compound::DB00419
Pharmacologic Class::N0000175372	PCiC	Compound::DB00191
Pharmacologic Class::N0000000194	PCiC	Compound::DB06663
Pharmacologic Class::N0000190114	PCiC	Compound::DB01072
Pharmacologic Class::N0000007570	PCiC	Compound::DB00425
Pharmacologic Class::N0000175976	PCiC	Compound::DB00296
Pharmacologic Class::N0000187062	PCiC	Compound::DB01609
Pharmacologic Class::N0000000102	PCiC	Compound::DB01105
Pharmacologic Class::N0000175459	PCiC	Compound::DB01004
Pharmacologic Class::N0000007853	PCiC	Compound::DB01172
Pharmacologic Class::N0000175721	PCiC	Compound::DB00586
Pharmacologic Class::N0000171207	PCiC	Compound::DB00855
Pharmacologic Class::N0000185499	PCiC	Compound::DB08890
Pharmacologic Class::N0000000236	PCiC	Compound::DB01181
Pharmacologic Class::N0000007700	PCiC	Compound::DB00307
Pharmacologic Class::N0000007983	PCiC	Compound::DB06768
Pharmacologic Class::N0000011301	PCiC	Compound::DB00717
Pharmacologic Class::N0000175686	PCiC	Compound::DB00844
Pharmacologic Class::N0000009922	PCiC	Compound::DB00983
Pharmacologic Class::N0000175721	PCiC	Compound::DB00936
Pharmacologic Class::N0000008065	PCiC	Compound::DB00993
Pharmacologic Class::N0000175788	PCiC	Compound::DB00640
Pharmacologic Class::N0000182728	PCiC	Compound::DB04953
Pharmacologic Class::N0000175755	PCiC	Compound::DB00988
Pharmacologic Class::N0000175460	PCiC	Compound::DB00625
Pharmacologic Class::N0000175448	PCiC	Compound::DB00912
Pharmacologic Class::N0000175076	PCiC	Compound::DB01268
Pharmacologic Class::N0000008841	PCiC	Compound::DB01188
Pharmacologic Class::N0000008118	PCiC	Compound::DB01223
Pharmacologic Class::N0000175459	PCiC	Compound::DB08934
Pharmacologic Class::N0000175076	PCiC	Compound::DB08877
Pharmacologic Class::N0000175721	PCiC	Compound::DB00573
Pharmacologic Class::N0000007606	PCiC	Compound::DB06771
Pharmacologic Class::N0000191274	PCiC	Compound::DB06210
Pharmacologic Class::N0000182140	PCiC	Compound::DB00582
Pharmacologic Class::N0000008486	PCiC	Compound::DB00252
Pharmacologic Class::N0000175721	PCiC	Compound::DB00788
Pharmacologic Class::N0000175624	PCiC	Compound::DB00877
Pharmacologic Class::N0000175359	PCiC	Compound::DB00774
Pharmacologic Class::N0000181815	PCiC	Compound::DB08868
Pharmacologic Class::N0000175962	PCiC	Compound::DB00974
Pharmacologic Class::N0000175684	PCiC	Compound::DB00899
Pharmacologic Class::N0000007707	PCiC	Compound::DB00884
Pharmacologic Class::N0000175459	PCiC	Compound::DB00649
Pharmacologic Class::N0000187061	PCiC	Compound::DB00440
Pharmacologic Class::N0000009801	PCiC	Compound::DB00553
Pharmacologic Class::N0000011418	PCiC	Compound::DB01369
Pharmacologic Class::N0000000100	PCiC	Compound::DB00286
Pharmacologic Class::N0000182141	PCiC	Compound::DB00701
Pharmacologic Class::N0000007647	PCiC	Compound::DB00727
Pharmacologic Class::N0000007706	PCiC	Compound::DB08819
Pharmacologic Class::N0000008217	PCiC	Compound::DB00582
Pharmacologic Class::N0000000104	PCiC	Compound::DB01019
Pharmacologic Class::N0000000176	PCiC	Compound::DB00445
Pharmacologic Class::N0000186774	PCiC	Compound::DB08903
Pharmacologic Class::N0000175728	PCiC	Compound::DB00962
Pharmacologic Class::N0000011161	PCiC	Compound::DB01150
Pharmacologic Class::N0000000243	PCiC	Compound::DB00499
Pharmacologic Class::N0000000236	PCiC	Compound::DB00262
Pharmacologic Class::N0000175764	PCiC	Compound::DB00315
Pharmacologic Class::N0000182140	PCiC	Compound::DB00736
Pharmacologic Class::N0000175764	PCiC	Compound::DB00216
Pharmacologic Class::N0000000116	PCiC	Compound::DB00181
Pharmacologic Class::N0000007542	PCiC	Compound::DB00842
Pharmacologic Class::N0000000109	PCiC	Compound::DB01105
Pharmacologic Class::N0000175450	PCiC	Compound::DB00324
Pharmacologic Class::N0000000102	PCiC	Compound::DB06700
Pharmacologic Class::N0000007822	PCiC	Compound::DB01111
Pharmacologic Class::N0000000151	PCiC	Compound::DB00927
Pharmacologic Class::N0000006014	PCiC	Compound::DB04930
Pharmacologic Class::N0000009948	PCiC	Compound::DB08864
Pharmacologic Class::N0000175628	PCiC	Compound::DB00716
Pharmacologic Class::N0000010259	PCiC	Compound::DB00556
Pharmacologic Class::N0000175542	PCiC	Compound::DB00915
Pharmacologic Class::N0000009918	PCiC	Compound::DB00629
Pharmacologic Class::N0000175684	PCiC	Compound::DB00802
Pharmacologic Class::N0000187058	PCiC	Compound::DB08907
Pharmacologic Class::N0000008016	PCiC	Compound::DB00241
Pharmacologic Class::N0000182137	PCiC	Compound::DB01118
Pharmacologic Class::N0000008486	PCiC	Compound::DB00996
Pharmacologic Class::N0000175516	PCiC	Compound::DB00410
Pharmacologic Class::N0000007681	PCiC	Compound::DB00750
Pharmacologic Class::N0000000070	PCiC	Compound::DB01029
Pharmacologic Class::N0000011301	PCiC	Compound::DB06713
Pharmacologic Class::N0000175733	PCiC	Compound::DB00202
Pharmacologic Class::N0000175076	PCiC	Compound::DB08916
Pharmacologic Class::N0000007715	PCiC	Compound::DB00988
Pharmacologic Class::N0000000102	PCiC	Compound::DB01156
Pharmacologic Class::N0000007542	PCiC	Compound::DB00349
Pharmacologic Class::N0000170119	PCiC	Compound::DB01132
Pharmacologic Class::N0000175628	PCiC	Compound::DB01025
Pharmacologic Class::N0000175460	PCiC	Compound::DB06414
Pharmacologic Class::N0000175764	PCiC	Compound::DB00918
Pharmacologic Class::N0000007911	PCiC	Compound::DB01220
Pharmacologic Class::N0000175366	PCiC	Compound::DB00887
Pharmacologic Class::N0000000125	PCiC	Compound::DB00496
Pharmacologic Class::N0000007698	PCiC	Compound::DB00331
Pharmacologic Class::N0000175684	PCiC	Compound::DB00327
Pharmacologic Class::N0000008048	PCiC	Compound::DB00359
Pharmacologic Class::N0000175089	PCiC	Compound::DB00974
Pharmacologic Class::N0000175550	PCiC	Compound::DB00877
Pharmacologic Class::N0000175459	PCiC	Compound::DB00787
Pharmacologic Class::N0000182141	PCiC	Compound::DB01072
Pharmacologic Class::N0000000176	PCiC	Compound::DB00997
Pharmacologic Class::N0000175370	PCiC	Compound::DB00771
Pharmacologic Class::N0000011418	PCiC	Compound::DB01764
Pharmacologic Class::N0000000111	PCiC	Compound::DB00642
Pharmacologic Class::N0000011161	PCiC	Compound::DB01330
Pharmacologic Class::N0000175456	PCiC	Compound::DB01046
Pharmacologic Class::N0000175450	PCiC	Compound::DB00240
Pharmacologic Class::N0000175644	PCiC	Compound::DB00657
Pharmacologic Class::N0000011161	PCiC	Compound::DB01329
Pharmacologic Class::N0000020060	PCiC	Compound::DB00299
Pharmacologic Class::N0000175721	PCiC	Compound::DB06802
Pharmacologic Class::N0000000104	PCiC	Compound::DB00185
Pharmacologic Class::N0000020026	PCiC	Compound::DB06237
Pharmacologic Class::N0000009922	PCiC	Compound::DB00816
Pharmacologic Class::N0000011280	PCiC	Compound::DB01088
Pharmacologic Class::N0000175085	PCiC	Compound::DB01229
Pharmacologic Class::N0000175684	PCiC	Compound::DB00813
Pharmacologic Class::N0000009947	PCiC	Compound::DB01048
Pharmacologic Class::N0000007529	PCiC	Compound::DB00199
Pharmacologic Class::N0000175459	PCiC	Compound::DB00900
Pharmacologic Class::N0000175459	PCiC	Compound::DB00249
Pharmacologic Class::N0000009945	PCiC	Compound::DB00872
Pharmacologic Class::N0000190113	PCiC	Compound::DB08912
Pharmacologic Class::N0000175459	PCiC	Compound::DB00495
Pharmacologic Class::N0000006996	PCiC	Compound::DB00910
Pharmacologic Class::N0000182141	PCiC	Compound::DB00582
Pharmacologic Class::N0000175817	PCiC	Compound::DB00969
Pharmacologic Class::N0000182141	PCiC	Compound::DB01118
Pharmacologic Class::N0000009034	PCiC	Compound::DB01231
Pharmacologic Class::N0000009065	PCiC	Compound::DB00806
Pharmacologic Class::N0000175967	PCiC	Compound::DB06210
Pharmacologic Class::N0000175472	PCiC	Compound::DB06782
Pharmacologic Class::N0000185503	PCiC	Compound::DB00503
Pharmacologic Class::N0000011161	PCiC	Compound::DB01331
Pharmacologic Class::N0000166469	PCiC	Compound::DB00999
Pharmacologic Class::N0000175685	PCiC	Compound::DB00611
Pharmacologic Class::N0000175629	PCiC	Compound::DB00527
Pharmacologic Class::N0000009010	PCiC	Compound::DB00868
Pharmacologic Class::N0000007707	PCiC	Compound::DB00282
Pharmacologic Class::N0000000191	PCiC	Compound::DB00440
Pharmacologic Class::N0000020060	PCiC	Compound::DB00787
Pharmacologic Class::N0000007948	PCiC	Compound::DB00759
Pharmacologic Class::N0000182137	PCiC	Compound::DB00908
Pharmacologic Class::N0000000151	PCiC	Compound::DB00501
Pharmacologic Class::N0000008048	PCiC	Compound::DB00634
Pharmacologic Class::N0000182141	PCiC	Compound::DB00625
Pharmacologic Class::N0000009048	PCiC	Compound::DB00771
Pharmacologic Class::N0000007530	PCiC	Compound::DB00997
Pharmacologic Class::N0000006496	PCiC	Compound::DB00184
Pharmacologic Class::N0000175721	PCiC	Compound::DB00963
Pharmacologic Class::N0000190482	PCiC	Compound::DB00360
Pharmacologic Class::N0000008054	PCiC	Compound::DB01016
Pharmacologic Class::N0000185607	PCiC	Compound::DB00564
Pharmacologic Class::N0000175450	PCiC	Compound::DB01380
Pharmacologic Class::N0000175370	PCiC	Compound::DB04843
Pharmacologic Class::N0000175379	PCiC	Compound::DB01275
Pharmacologic Class::N0000008832	PCiC	Compound::DB06209
Pharmacologic Class::N0000185503	PCiC	Compound::DB00243
Pharmacologic Class::N0000175962	PCiC	Compound::DB00566
Pharmacologic Class::N0000175366	PCiC	Compound::DB00214
Pharmacologic Class::N0000175450	PCiC	Compound::DB00588
Pharmacologic Class::N0000190114	PCiC	Compound::DB08820
Pharmacologic Class::N0000009282	PCiC	Compound::DB01156
Pharmacologic Class::N0000008953	PCiC	Compound::DB01219
Pharmacologic Class::N0000175460	PCiC	Compound::DB00238
Pharmacologic Class::N0000182960	PCiC	Compound::DB01656
Pharmacologic Class::N0000000233	PCiC	Compound::DB01101
Pharmacologic Class::N0000186778	PCiC	Compound::DB08827
Pharmacologic Class::N0000009922	PCiC	Compound::DB01291
Pharmacologic Class::N0000007542	PCiC	Compound::DB00186
Pharmacologic Class::N0000007647	PCiC	Compound::DB01020
Pharmacologic Class::N0000011281	PCiC	Compound::DB00578
Pharmacologic Class::N0000007672	PCiC	Compound::DB00681
Pharmacologic Class::N0000191276	PCiC	Compound::DB06210
Pharmacologic Class::N0000175366	PCiC	Compound::DB00903
Pharmacologic Class::N0000185506	PCiC	Compound::DB01609
Pharmacologic Class::N0000175076	PCiC	Compound::DB00877
Pharmacologic Class::N0000020060	PCiC	Compound::DB00577
Pharmacologic Class::N0000182141	PCiC	Compound::DB08816
Pharmacologic Class::N0000175735	PCiC	Compound::DB01219
Pharmacologic Class::N0000008836	PCiC	Compound::DB00936
Pharmacologic Class::N0000185507	PCiC	Compound::DB00673
Pharmacologic Class::N0000175375	PCiC	Compound::DB01241
Pharmacologic Class::N0000010262	PCiC	Compound::DB06717
Pharmacologic Class::N0000000160	PCiC	Compound::DB00991
Pharmacologic Class::N0000011301	PCiC	Compound::DB00603
Pharmacologic Class::N0000187064	PCiC	Compound::DB00252
Pharmacologic Class::N0000185507	PCiC	Compound::DB08899
Pharmacologic Class::N0000000069	PCiC	Compound::DB04920
Pharmacologic Class::N0000006320	PCiC	Compound::DB00035
Pharmacologic Class::N0000190114	PCiC	Compound::DB00503
Pharmacologic Class::N0000175729	PCiC	Compound::DB01577
Pharmacologic Class::N0000008486	PCiC	Compound::DB00313
Pharmacologic Class::N0000175650	PCiC	Compound::DB00206
Pharmacologic Class::N0000008486	PCiC	Compound::DB01320
Pharmacologic Class::N0000000236	PCiC	Compound::DB00853
Pharmacologic Class::N0000000176	PCiC	Compound::DB00773
Pharmacologic Class::N0000007707	PCiC	Compound::DB01077
Pharmacologic Class::N0000007672	PCiC	Compound::DB00826
Pharmacologic Class::N0000175730	PCiC	Compound::DB00395
Pharmacologic Class::N0000000069	PCiC	Compound::DB00622
Pharmacologic Class::N0000007530	PCiC	Compound::DB00694
Pharmacologic Class::N0000008577	PCiC	Compound::DB01188
Pharmacologic Class::N0000007853	PCiC	Compound::DB00798
Pharmacologic Class::N0000008217	PCiC	Compound::DB01153
Pharmacologic Class::N0000175729	PCiC	Compound::DB00745
Pharmacologic Class::N0000175450	PCiC	Compound::DB00620
Pharmacologic Class::N0000175761	PCiC	Compound::DB01037
Pharmacologic Class::N0000000125	PCiC	Compound::DB01148
Pharmacologic Class::N0000000109	PCiC	Compound::DB01175
Pharmacologic Class::N0000009922	PCiC	Compound::DB00938
Pharmacologic Class::N0000000233	PCiC	Compound::DB00432
Pharmacologic Class::N0000175975	PCiC	Compound::DB00228
Pharmacologic Class::N0000011294	PCiC	Compound::DB00303
Pharmacologic Class::N0000008486	PCiC	Compound::DB00273
Pharmacologic Class::N0000008832	PCiC	Compound::DB00775
Pharmacologic Class::N0000175732	PCiC	Compound::DB00732
Pharmacologic Class::N0000007659	PCiC	Compound::DB01196
Pharmacologic Class::N0000191272	PCiC	Compound::DB06210
Pharmacologic Class::N0000191275	PCiC	Compound::DB06210
Pharmacologic Class::N0000190118	PCiC	Compound::DB00238
Pharmacologic Class::N0000182141	PCiC	Compound::DB01167
Pharmacologic Class::N0000007620	PCiC	Compound::DB01186
Pharmacologic Class::N0000000196	PCiC	Compound::DB00181
Pharmacologic Class::N0000175728	PCiC	Compound::DB00425
Pharmacologic Class::N0000175755	PCiC	Compound::DB00190
Pharmacologic Class::N0000175450	PCiC	Compound::DB00896
Pharmacologic Class::N0000010258	PCiC	Compound::DB04711
Pharmacologic Class::N0000011281	PCiC	Compound::DB00415
Pharmacologic Class::N0000020060	PCiC	Compound::DB01610
Pharmacologic Class::N0000187062	PCiC	Compound::DB01072
Pharmacologic Class::N0000007556	PCiC	Compound::DB01115
Pharmacologic Class::N0000000243	PCiC	Compound::DB01128
Pharmacologic Class::N0000008010	PCiC	Compound::DB00470
Pharmacologic Class::N0000175975	PCiC	Compound::DB00753
Pharmacologic Class::N0000009916	PCiC	Compound::DB01083
Pharmacologic Class::N0000000176	PCiC	Compound::DB00444
Pharmacologic Class::N0000191266	PCiC	Compound::DB00252
Pharmacologic Class::N0000020074	PCiC	Compound::DB00658
Pharmacologic Class::N0000008241	PCiC	Compound::DB06710
Pharmacologic Class::N0000175448	PCiC	Compound::DB00731
Pharmacologic Class::N0000175833	PCiC	Compound::DB00581
Pharmacologic Class::N0000008217	PCiC	Compound::DB00639
Pharmacologic Class::N0000175436	PCiC	Compound::DB06614
Pharmacologic Class::N0000009963	PCiC	Compound::DB00278
Pharmacologic Class::N0000007647	PCiC	Compound::DB00883
Pharmacologic Class::N0000000233	PCiC	Compound::DB01262
Pharmacologic Class::N0000175976	PCiC	Compound::DB00281
Pharmacologic Class::N0000190114	PCiC	Compound::DB01264
Pharmacologic Class::N0000009947	PCiC	Compound::DB01265
Pharmacologic Class::N0000000144	PCiC	Compound::DB01609
Pharmacologic Class::N0000185504	PCiC	Compound::DB04911
Pharmacologic Class::N0000190109	PCiC	Compound::DB05521
Pharmacologic Class::N0000175730	PCiC	Compound::DB00356
Pharmacologic Class::N0000185504	PCiC	Compound::DB08820
Pharmacologic Class::N0000000069	PCiC	Compound::DB00661
Pharmacologic Class::N0000000168	PCiC	Compound::DB04938
Pharmacologic Class::N0000007853	PCiC	Compound::DB00994
Pharmacologic Class::N0000182140	PCiC	Compound::DB00625
Pharmacologic Class::N0000007529	PCiC	Compound::DB08874
Pharmacologic Class::N0000190115	PCiC	Compound::DB08873
Pharmacologic Class::N0000007530	PCiC	Compound::DB00445
Pharmacologic Class::N0000007556	PCiC	Compound::DB01023
Pharmacologic Class::N0000175073	PCiC	Compound::DB00526
Pharmacologic Class::N0000190855	PCiC	Compound::DB04844
Pharmacologic Class::N0000007618	PCiC	Compound::DB00353
Pharmacologic Class::N0000182141	PCiC	Compound::DB01394
Pharmacologic Class::N0000175459	PCiC	Compound::DB00577
Pharmacologic Class::N0000175684	PCiC	Compound::DB00193
Pharmacologic Class::N0000009918	PCiC	Compound::DB01018
Pharmacologic Class::N0000178477	PCiC	Compound::DB00401
Pharmacologic Class::N0000007893	PCiC	Compound::DB00686
Pharmacologic Class::N0000008732	PCiC	Compound::DB01179
Pharmacologic Class::N0000008054	PCiC	Compound::DB00222
Pharmacologic Class::N0000011310	PCiC	Compound::DB00421
Pharmacologic Class::N0000000235	PCiC	Compound::DB00909
Pharmacologic Class::N0000009909	PCiC	Compound::DB00883
Pharmacologic Class::N0000175721	PCiC	Compound::DB00465
Pharmacologic Class::N0000006801	PCiC	Compound::DB01586
Pharmacologic Class::N0000175721	PCiC	Compound::DB00991
Pharmacologic Class::N0000175721	PCiC	Compound::DB00461
Pharmacologic Class::N0000009982	PCiC	Compound::DB01190
Pharmacologic Class::N0000175721	PCiC	Compound::DB00605
Pharmacologic Class::N0000007641	PCiC	Compound::DB00627
Pharmacologic Class::N0000008479	PCiC	Compound::DB00626
Pharmacologic Class::N0000008048	PCiC	Compound::DB05245
Pharmacologic Class::N0000008832	PCiC	Compound::DB08816
Pharmacologic Class::N0000007909	PCiC	Compound::DB04571
Pharmacologic Class::N0000175459	PCiC	Compound::DB01265
Pharmacologic Class::N0000000190	PCiC	Compound::DB00768
Pharmacologic Class::N0000007246	PCiC	Compound::DB01196
Pharmacologic Class::N0000000070	PCiC	Compound::DB00876
Pharmacologic Class::N0000007681	PCiC	Compound::DB00961
Pharmacologic Class::N0000008118	PCiC	Compound::DB00277
Pharmacologic Class::N0000000190	PCiC	Compound::DB01075
Pharmacologic Class::N0000175721	PCiC	Compound::DB01009
Pharmacologic Class::N0000000100	PCiC	Compound::DB00783
Pharmacologic Class::N0000175721	PCiC	Compound::DB00500
Pharmacologic Class::N0000185503	PCiC	Compound::DB01167
Pharmacologic Class::N0000007522	PCiC	Compound::DB00857
Pharmacologic Class::N0000185503	PCiC	Compound::DB01211
Pharmacologic Class::N0000166469	PCiC	Compound::DB00880
Pharmacologic Class::N0000175508	PCiC	Compound::DB00362
Pharmacologic Class::N0000009948	PCiC	Compound::DB00625
Pharmacologic Class::N0000009909	PCiC	Compound::DB01020
Pharmacologic Class::N0000175684	PCiC	Compound::DB00708
Pharmacologic Class::N0000009034	PCiC	Compound::DB00662
Pharmacologic Class::N0000184306	PCiC	Compound::DB00527
Pharmacologic Class::N0000182638	PCiC	Compound::DB06290
Pharmacologic Class::N0000007706	PCiC	Compound::DB00429
Pharmacologic Class::N0000184145	PCiC	Compound::DB08820
Pharmacologic Class::N0000175975	PCiC	Compound::DB01236
Pharmacologic Class::N0000175721	PCiC	Compound::DB00712
Pharmacologic Class::N0000171207	PCiC	Compound::DB00992
Pharmacologic Class::N0000007556	PCiC	Compound::DB04920
Pharmacologic Class::N0000009059	PCiC	Compound::DB00770
Pharmacologic Class::N0000011280	PCiC	Compound::DB00374
Pharmacologic Class::N0000175721	PCiC	Compound::DB00784
Pharmacologic Class::N0000000190	PCiC	Compound::DB01084
Pharmacologic Class::N0000185503	PCiC	Compound::DB00091
Pharmacologic Class::N0000175450	PCiC	Compound::DB01234
Pharmacologic Class::N0000007853	PCiC	Compound::DB00684
Pharmacologic Class::N0000000144	PCiC	Compound::DB08826
Pharmacologic Class::N0000191269	PCiC	Compound::DB01072
Pharmacologic Class::N0000175955	PCiC	Compound::DB00744
Pharmacologic Class::N0000000070	PCiC	Compound::DB00678
Pharmacologic Class::N0000020060	PCiC	Compound::DB00529
Pharmacologic Class::N0000008836	PCiC	Compound::DB00586
Pharmacologic Class::N0000007948	PCiC	Compound::DB01017
Pharmacologic Class::N0000000109	PCiC	Compound::DB06700
Pharmacologic Class::N0000175076	PCiC	Compound::DB08896
Pharmacologic Class::N0000000236	PCiC	Compound::DB01196
Pharmacologic Class::N0000005760	PCiC	Compound::DB00244
Pharmacologic Class::N0000007700	PCiC	Compound::DB00210
Pharmacologic Class::N0000007780	PCiC	Compound::DB00570
Pharmacologic Class::N0000007621	PCiC	Compound::DB00320
Pharmacologic Class::N0000175359	PCiC	Compound::DB01324
Pharmacologic Class::N0000000233	PCiC	Compound::DB00441
Pharmacologic Class::N0000000191	PCiC	Compound::DB00205
Pharmacologic Class::N0000175450	PCiC	Compound::DB01047
Pharmacologic Class::N0000190114	PCiC	Compound::DB01601
Pharmacologic Class::N0000009947	PCiC	Compound::DB00649
Pharmacologic Class::N0000000236	PCiC	Compound::DB01206
Pharmacologic Class::N0000175976	PCiC	Compound::DB01161
Pharmacologic Class::N0000190108	PCiC	Compound::DB06290
Pharmacologic Class::N0000175862	PCiC	Compound::DB06703
Pharmacologic Class::N0000007542	PCiC	Compound::DB01589
Pharmacologic Class::N0000175459	PCiC	Compound::DB00879
Pharmacologic Class::N0000000106	PCiC	Compound::DB00770
Pharmacologic Class::N0000007681	PCiC	Compound::DB00297
Pharmacologic Class::N0000175721	PCiC	Compound::DB00328
Pharmacologic Class::N0000175651	PCiC	Compound::DB00191
Pharmacologic Class::N0000175975	PCiC	Compound::DB01221
Pharmacologic Class::N0000000183	PCiC	Compound::DB00822
Pharmacologic Class::N0000175730	PCiC	Compound::DB01173
Pharmacologic Class::N0000185504	PCiC	Compound::DB01118
Pharmacologic Class::N0000175651	PCiC	Compound::DB01579
Pharmacologic Class::N0000175651	PCiC	Compound::DB01577
Pharmacologic Class::N0000175862	PCiC	Compound::DB06705
Pharmacologic Class::N0000175654	PCiC	Compound::DB00666
Pharmacologic Class::N0000175921	PCiC	Compound::DB00357
Pharmacologic Class::N0000175450	PCiC	Compound::DB00547
Pharmacologic Class::N0000011161	PCiC	Compound::DB01327
Pharmacologic Class::N0000010258	PCiC	Compound::DB01362
Pharmacologic Class::N0000175080	PCiC	Compound::DB00894
Pharmacologic Class::N0000175459	PCiC	Compound::DB00993
Pharmacologic Class::N0000175450	PCiC	Compound::DB00591
Pharmacologic Class::N0000175732	PCiC	Compound::DB00565
Pharmacologic Class::N0000166743	PCiC	Compound::DB01161
Pharmacologic Class::N0000000236	PCiC	Compound::DB00428
Pharmacologic Class::N0000191280	PCiC	Compound::DB06402
Pharmacologic Class::N0000000236	PCiC	Compound::DB01008
Pharmacologic Class::N0000007663	PCiC	Compound::DB00916
Pharmacologic Class::N0000175862	PCiC	Compound::DB00597
Pharmacologic Class::N0000175684	PCiC	Compound::DB00497
Pharmacologic Class::N0000000190	PCiC	Compound::DB01114
Pharmacologic Class::N0000175374	PCiC	Compound::DB00412
Pharmacologic Class::N0000175964	PCiC	Compound::DB00682
Pharmacologic Class::N0000191258	PCiC	Compound::DB08934
Pharmacologic Class::N0000007715	PCiC	Compound::DB06262
Pharmacologic Class::N0000008157	PCiC	Compound::DB00390
Pharmacologic Class::N0000175076	PCiC	Compound::DB05294
Pharmacologic Class::N0000175684	PCiC	Compound::DB01192
Pharmacologic Class::N0000182638	PCiC	Compound::DB05521
Pharmacologic Class::N0000175445	PCiC	Compound::DB04835
Pharmacologic Class::N0000190118	PCiC	Compound::DB00503
Pharmacologic Class::N0000007706	PCiC	Compound::DB00905
Pharmacologic Class::N0000008217	PCiC	Compound::DB01167
Pharmacologic Class::N0000187063	PCiC	Compound::DB00252
Pharmacologic Class::N0000175684	PCiC	Compound::DB01551
Pharmacologic Class::N0000011161	PCiC	Compound::DB00535
Pharmacologic Class::N0000011281	PCiC	Compound::DB01060
Pharmacologic Class::N0000175372	PCiC	Compound::DB00865
